timestamp,x,y,polarity
1675000,95,106,0
1675000,146,94,1
1675000,127,207,1
1675000,46,108,0
1675001,145,99,1
1675001,94,170,0
1675001,119,58,0
1675001,40,127,0
1675002,31,128,0
1675002,70,100,0
1675003,24,142,0
1675003,131,92,0
1675004,104,142,0
1675004,61,179,0
1675004,127,83,0
1675004,333,21,0
1675005,68,124,1
1675005,325,9,0
1675006,82,112,1
1675006,82,143,1
1675006,131,122,1
1675006,75,107,0
1675006,337,22,0
1675007,138,145,1
1675007,134,121,1
1675007,129,185,1
1675007,67,103,0
1675008,170,80,1
1675008,174,162,1
1675009,39,113,0
1675009,120,84,0
1675009,62,123,1
1675010,105,137,0
1675010,58,103,0
1675010,148,194,1
1675010,110,122,0
1675011,35,135,0
1675011,340,15,0
1675011,145,93,1
1675011,70,120,1
1675012,336,19,0
1675012,181,69,1
1675012,125,73,0
1675012,125,207,1
1675012,26,142,0
1675013,321,4,0
1675013,142,165,1
1675013,93,164,0
1675013,116,174,1
1675014,51,168,1
1675014,54,154,1
1675014,35,121,0
1675014,35,166,0
1675014,41,120,0
1675015,246,155,1
1675015,329,16,0
1675015,55,111,0
1675015,55,134,1
1675016,32,173,0
1675016,126,97,0
1675016,49,106,0
1675016,132,131,1
1675016,336,15,0
1675017,127,204,1
1675017,149,83,1
1675017,34,125,0
1675017,52,171,1
1675018,154,171,1
1675018,66,178,1
1675018,49,102,0
1675019,123,151,1
1675019,55,178,0
1675019,57,103,0
1675020,30,119,0
1675020,25,163,0
1675021,129,85,0
1675021,125,156,1
1675021,124,162,1
1675022,72,104,0
1675022,101,136,0
1675022,105,136,0
1675023,113,111,0
1675023,28,147,0
1675023,140,143,1
1675023,75,104,0
1675023,37,111,0
1675024,123,106,0
1675024,34,163,0
1675024,341,14,0
1675024,65,144,1
1675025,24,165,0
1675025,118,186,1
1675025,141,105,1
1675025,85,181,0
1675026,158,109,1
1675026,150,120,1
1675026,343,19,0
1675026,98,180,0
1675027,208,71,1
1675027,48,110,0
1675027,27,130,0
1675027,53,111,0
1675028,111,139,0
1675028,145,114,1
1675028,112,122,0
1675028,112,142,0
1675028,121,59,0
1675029,345,1,1
1675029,147,97,1
1675029,119,201,1
1675029,145,66,1
1675030,132,146,1
1675030,86,116,1
1675030,144,93,1
1675030,103,109,0
1675031,122,93,0
1675031,56,131,1
1675031,336,10,0
1675031,129,77,0
1675032,57,128,1
1675032,145,124,1
1675033,125,151,1
1675033,32,128,0
1675033,33,165,0
1675033,51,119,0
1675034,55,164,1
1675034,121,80,0
1675034,138,168,1
1675034,133,126,1
1675035,112,131,0
1675035,97,162,0
1675035,92,166,0
1675035,327,18,0
1675036,148,121,1
1675036,108,153,0
1675036,71,149,1
1675036,25,138,0
1675037,128,174,1
1675037,135,205,1
1675037,129,135,1
1675037,112,113,0
1675037,57,173,1
1675038,54,139,1
1675038,159,81,1
1675038,167,76,1
1675038,184,103,1
1675039,132,74,0
1675039,142,90,1
1675039,93,186,0
1675039,100,120,1
1675040,99,177,0
1675040,39,124,0
1675040,34,170,0
1675040,46,109,0
1675041,45,177,0
1675041,44,115,0
1675041,56,106,0
1675041,80,123,1
1675042,137,123,1
1675042,145,194,1
1675042,139,77,0
1675042,111,158,0
1675043,110,57,0
1675043,121,85,0
1675043,121,206,1
1675043,37,138,0
1675043,36,114,0
1675044,56,111,0
1675044,62,137,1
1675044,68,158,1
1675044,69,167,1
1675045,86,198,1
1675045,165,91,1
1675045,130,159,1
1675045,125,204,1
1675046,146,91,1
1675046,93,110,0
1675046,94,176,0
1675046,112,144,0
1675046,120,91,0
1675047,119,179,1
1675047,45,113,0
1675047,33,148,0
1675047,327,6,0
1675048,345,22,0
1675048,123,185,1
1675048,126,200,1
1675048,148,116,1
1675049,62,102,0
1675049,25,139,0
1675049,129,63,0
1675049,116,184,1
1675050,120,69,0
1675050,182,84,1
1675050,61,164,1
1675050,115,125,0
1675051,331,13,0
1675051,112,132,0
1675051,29,138,0
1675051,144,126,1
1675052,135,85,0
1675052,99,112,0
1675052,117,180,1
1675052,120,96,0
1675053,323,13,0
1675053,111,132,0
1675053,44,151,1
1675054,162,74,1
1675054,145,201,1
1675054,64,177,1
1675055,141,149,1
1675055,96,179,0
1675055,113,62,0
1675055,106,139,0
1675056,50,146,1
1675056,35,156,0
1675056,23,146,0
1675056,328,15,0
1675057,343,21,0
1675057,149,128,1
1675057,128,134,1
1675057,25,156,0
1675057,25,159,0
1675058,21,141,0
1675058,56,100,0
1675058,45,105,0
1675058,104,156,0
1675059,176,76,1
1675059,32,145,0
1675059,47,163,1
1675060,131,123,1
1675060,105,134,0
1675060,33,174,0
1675060,82,121,1
1675061,58,158,1
1675061,148,81,1
1675061,134,136,1
1675061,123,94,0
1675061,97,119,1
1675061,97,166,0
1675062,336,7,0
1675062,37,168,0
1675062,65,183,0
1675063,187,169,1
1675063,98,179,0
1675063,137,125,1
1675063,71,135,1
1675064,317,9,0
1675064,342,21,0
1675064,106,122,0
1675064,114,107,0
1675064,119,192,1
1675065,89,115,1
1675065,67,101,0
1675065,62,152,1
1675065,33,158,0
1675066,153,67,1
1675066,146,93,1
1675066,132,124,1
1675066,110,136,0
1675067,118,201,1
1675067,93,172,0
1675067,91,182,0
1675067,94,163,0
1675068,103,135,0
1675068,40,111,0
1675068,332,8,0
1675068,141,118,1
1675069,140,117,1
1675069,133,91,0
1675069,131,81,0
1675069,99,172,0
1675070,128,206,1
1675070,62,103,0
1675070,69,98,0
1675071,34,132,0
1675071,110,155,0
1675071,231,131,1
1675071,29,125,0
1675072,70,105,0
1675072,74,101,0
1675072,79,109,0
1675072,345,13,0
1675073,90,164,0
1675073,107,140,0
1675073,113,186,1
1675074,66,127,1
1675074,24,131,0
1675074,123,200,1
1675074,130,141,1
1675075,27,136,0
1675075,62,144,1
1675075,84,116,1
1675075,119,202,1
1675076,145,173,1
1675076,334,16,0
1675076,81,126,1
1675076,79,187,0
1675077,77,188,0
1675077,73,116,1
1675077,69,123,1
1675077,63,126,1
1675078,56,109,0
1675078,52,174,0
1675078,28,125,0
1675078,28,160,0
1675078,28,161,0
1675078,118,128,0
1675079,112,194,1
1675079,103,136,0
1675079,100,149,0
1675079,92,162,0
1675080,137,139,1
1675080,122,83,0
1675080,127,88,0
1675080,72,183,0
1675081,59,129,1
1675081,23,159,0
1675081,117,196,1
1675081,126,71,0
1675081,126,142,1
1675082,135,122,1
1675082,136,135,1
1675082,44,116,0
1675082,118,89,0
1675083,120,85,0
1675083,46,106,0
1675083,149,151,1
1675083,114,64,0
1675084,95,164,0
1675084,41,122,0
1675084,27,155,0
1675084,75,112,1
1675085,150,170,1
1675085,111,56,0
1675085,102,108,0
1675085,177,138,1
1675086,138,117,1
1675086,105,55,0
1675086,116,108,0
1675086,121,107,0
1675087,21,158,0
1675087,40,118,0
1675087,30,146,0
1675087,60,165,1
1675088,130,81,0
1675088,119,91,0
1675088,113,133,0
1675088,113,146,0
1675088,91,174,0
1675089,341,13,0
1675089,126,90,0
1675089,117,91,0
1675089,115,108,0
1675090,26,164,0
1675090,22,139,0
1675090,136,115,1
1675090,25,145,0
1675091,113,124,0
1675091,118,107,0
1675091,116,110,0
1675091,21,139,0
1675092,35,169,0
1675092,76,127,1
1675092,101,143,0
1675092,92,173,0
1675092,160,141,1
1675093,20,151,0
1675093,318,1,0
1675093,329,12,0
1675093,329,18,0
1675094,113,135,0
1675094,108,141,0
1675094,137,109,1
1675095,132,149,1
1675095,152,207,1
1675095,62,148,1
1675095,83,101,0
1675095,50,106,0
1675096,43,123,0
1675096,169,77,1
1675096,118,182,1
1675096,111,58,0
1675097,104,145,0
1675097,330,4,0
1675097,66,159,1
1675097,59,147,1
1675098,151,202,1
1675099,325,15,0
1675099,101,170,0
1675099,83,184,0
1675099,112,143,0
1675100,45,107,0
1675100,95,107,0
1675100,32,131,0
1675101,123,197,1
1675101,122,85,0
1675101,120,197,1
1675101,115,104,0
1675102,156,88,1
1675102,31,139,0
1675102,24,132,0
1675102,121,168,1
1675103,131,126,1
1675103,124,91,0
1675103,58,101,0
1675103,43,108,0
1675104,52,169,1
1675104,27,167,0
1675104,95,174,0
1675104,93,184,0
1675105,118,114,0
1675105,137,203,1
1675105,148,110,1
1675105,150,68,1
1675105,33,136,0
1675106,55,155,1
1675106,109,154,0
1675106,104,143,0
1675106,98,172,0
1675107,94,159,0
1675107,95,113,0
1675107,323,10,0
1675107,317,0,0
1675108,48,105,0
1675108,48,115,0
1675108,39,130,0
1675108,61,124,1
1675108,84,177,0
1675109,125,90,0
1675109,135,198,1
1675109,131,76,0
1675109,121,84,0
1675110,116,103,0
1675110,114,105,0
1675110,110,190,1
1675110,97,154,0
1675111,96,180,0
1675111,100,154,0
1675111,45,174,0
1675111,53,103,0
1675112,35,116,0
1675112,35,137,0
1675112,35,171,0
1675112,37,124,0
1675112,32,153,0
1675113,27,158,0
1675113,81,158,1
1675113,134,179,1
1675113,142,123,1
1675114,141,161,1
1675114,112,150,0
1675114,119,105,0
1675114,91,170,0
1675114,92,180,0
1675115,93,167,0
1675115,98,152,0
1675115,105,148,0
1675115,103,164,0
1675116,327,11,0
1675116,21,154,0
1675116,67,184,0
1675116,68,190,0
1675117,62,104,0
1675117,87,190,0
1675117,46,113,0
1675117,51,157,1
1675118,149,203,1
1675118,122,102,0
1675118,123,77,0
1675118,137,207,1
1675119,113,139,0
1675119,113,142,0
1675119,115,110,0
1675119,117,106,0
1675119,117,195,1
1675120,22,149,0
1675120,29,143,0
1675120,35,174,0
1675120,57,104,0
1675121,55,107,0
1675121,52,110,0
1675121,43,105,0
1675121,79,102,0
1675122,163,126,1
1675122,166,75,1
1675122,138,127,1
1675122,138,128,1
1675123,151,88,1
1675123,152,121,1
1675123,148,107,1
1675123,132,193,1
1675123,131,138,1
1675124,130,133,1
1675124,110,127,0
1675124,113,63,0
1675124,106,55,0
1675125,108,59,0
1675125,93,151,0
1675125,93,166,0
1675125,95,119,1
1675126,96,151,0
1675126,105,142,0
1675126,344,21,0
1675126,31,137,0
1675126,31,147,0
1675127,36,121,0
1675127,36,123,0
1675127,36,136,0
1675127,36,163,0
1675127,38,177,0
1675127,57,182,0
1675128,71,144,1
1675128,72,115,1
1675128,74,184,0
1675129,125,170,1
1675129,135,124,1
1675129,136,117,1
1675129,150,165,1
1675130,121,167,1
1675130,113,144,0
1675130,95,163,0
1675130,95,189,0
1675130,103,58,0
1675131,98,182,0
1675131,256,111,1
1675131,325,10,0
1675131,327,8,0
1675132,53,159,1
1675132,118,94,0
1675132,110,129,0
1675132,124,72,0
1675133,122,79,0
1675133,154,85,1
1675133,89,177,0
1675133,331,17,0
1675134,137,208,1
1675134,59,174,1
1675134,104,55,0
1675134,130,125,1
1675135,120,100,0
1675135,172,149,1
1675135,123,148,1
1675135,134,173,1
1675135,38,119,0
1675136,115,103,0
1675136,23,158,0
1675136,131,200,1
1675136,68,133,1
1675137,221,70,0
1675137,147,87,1
1675137,37,160,0
1675137,24,153,0
1675138,160,107,1
1675138,54,164,1
1675138,107,119,0
1675138,98,142,0
1675138,98,187,0
1675139,138,102,1
1675139,151,201,1
1675139,57,172,1
1675139,66,108,0
1675140,112,61,0
1675140,112,97,0
1675140,116,107,0
1675140,343,9,0
1675141,128,79,0
1675141,36,122,0
1675141,36,134,0
1675141,95,116,1
1675142,64,108,0
1675142,148,179,1
1675142,116,139,0
1675143,26,135,0
1675143,66,107,0
1675143,27,148,0
1675143,137,118,1
1675144,134,82,0
1675144,341,23,0
1675144,339,21,0
1675144,81,163,1
1675145,64,123,1
1675145,35,139,0
1675145,100,143,0
1675145,149,66,1
1675146,74,190,0
1675146,82,114,1
1675146,123,82,0
1675146,162,206,1
1675146,26,162,0
1675147,31,171,0
1675147,90,186,0
1675147,98,175,0
1675147,124,166,1
1675148,330,18,0
1675148,42,121,0
1675148,32,166,0
1675148,175,78,1
1675149,109,192,1
1675149,106,132,0
1675149,118,101,0
1675149,104,153,0
1675150,93,185,0
1675150,129,78,0
1675150,148,158,1
1675150,53,108,0
1675151,60,101,0
1675151,66,106,0
1675151,67,99,0
1675151,76,108,0
1675152,327,4,0
1675152,144,147,1
1675152,111,125,0
1675153,115,106,0
1675153,121,106,0
1675153,121,117,0
1675153,121,176,1
1675153,185,170,1
1675153,56,180,0
1675154,57,169,1
1675154,46,182,0
1675154,33,140,0
1675154,27,128,0
1675155,40,129,0
1675155,80,53,1
1675155,73,126,1
1675155,341,18,0
1675156,337,16,0
1675156,113,100,0
1675156,107,163,0
1675156,120,153,1
1675157,96,185,0
1675157,104,130,0
1675157,137,127,1
1675157,131,149,1
1675158,124,100,0
1675158,125,203,1
1675158,153,195,1
1675158,145,116,1
1675159,62,163,1
1675159,63,106,0
1675159,72,100,0
1675159,86,186,0
1675159,89,113,1
1675160,169,76,1
1675160,149,67,1
1675160,142,173,1
1675160,138,143,1
1675161,134,206,1
1675161,101,162,0
1675161,120,86,0
1675161,112,102,0
1675162,50,159,1
1675162,57,109,0
1675162,26,155,0
1675162,27,163,0
1675163,81,122,1
1675163,341,22,0
1675163,248,244,1
1675163,116,192,1
1675164,111,122,0
1675164,129,138,1
1675164,126,164,1
1675164,138,120,1
1675165,82,122,1
1675165,75,161,1
1675165,69,136,1
1675165,70,107,0
1675165,97,144,0
1675165,97,153,0
1675166,120,103,0
1675166,113,102,0
1675166,141,115,1
1675167,123,96,0
1675167,124,109,0
1675167,79,103,0
1675167,257,96,1
1675168,313,0,0
1675168,154,108,1
1675168,132,88,0
1675168,132,95,0
1675168,144,124,1
1675169,322,3,0
1675169,104,151,0
1675169,150,83,1
1675169,53,137,1
1675170,52,178,0
1675170,57,111,0
1675170,37,121,0
1675170,86,104,0
1675171,122,201,1
1675171,106,165,0
1675171,135,149,1
1675171,95,162,0
1675171,59,102,0
1675172,140,185,1
1675172,137,117,1
1675172,44,146,1
1675172,110,128,0
1675172,110,150,0
1675173,42,173,0
1675173,102,146,0
1675174,18,136,0
1675174,29,163,0
1675174,153,110,1
1675175,62,132,1
1675175,129,73,0
1675175,76,105,0
1675176,130,152,1
1675176,176,78,1
1675176,50,143,1
1675176,89,184,0
1675177,117,140,0
1675177,114,147,0
1675177,206,186,1
1675178,74,118,1
1675178,45,176,0
1675178,51,111,0
1675178,34,149,0
1675178,34,160,0
1675179,20,157,0
1675179,143,123,1
1675179,142,164,1
1675179,144,119,1
1675180,140,76,0
1675180,125,89,0
1675180,127,206,1
1675180,134,118,1
1675181,137,156,1
1675181,96,105,0
1675181,96,164,0
1675181,97,108,0
1675181,90,172,0
1675182,105,132,0
1675182,105,139,0
1675182,100,146,0
1675182,100,172,0
1675182,44,123,0
1675183,50,180,0
1675183,27,160,0
1675183,29,166,0
1675183,33,155,0
1675184,86,185,0
1675184,67,105,0
1675184,23,152,0
1675184,21,152,0
1675184,324,3,0
1675185,330,17,0
1675185,165,77,1
1675185,169,148,1
1675185,168,75,1
1675186,141,122,1
1675186,147,106,1
1675186,110,123,0
1675186,110,148,0
1675187,120,167,1
1675187,121,96,0
1675187,121,98,0
1675187,119,93,0
1675187,117,100,0
1675188,114,100,0
1675188,92,165,0
1675188,94,174,0
1675188,98,181,0
1675189,99,145,0
1675189,37,119,0
1675189,37,120,0
1675189,65,136,1
1675189,61,161,1
1675190,71,165,1
1675190,82,127,1
1675190,344,22,0
1675190,339,15,0
1675191,324,7,0
1675191,154,69,1
1675191,125,85,0
1675192,129,74,0
1675192,129,199,1
1675192,128,177,1
1675192,127,157,1
1675192,150,128,1
1675193,146,124,1
1675193,148,79,1
1675193,138,111,1
1675193,111,108,0
1675194,112,103,0
1675194,112,203,1
1675194,107,141,0
1675194,117,58,0
1675194,79,105,0
1675195,78,117,1
1675195,61,100,0
1675195,33,120,0
1675195,33,163,0
1675196,31,162,0
1675196,31,168,0
1675196,28,142,0
1675196,25,165,0
1675196,23,156,0
1675197,164,80,1
1675197,137,108,1
1675197,123,78,0
1675197,106,128,0
1675198,121,66,0
1675198,121,83,0
1675198,98,151,0
1675198,27,145,0
1675198,37,134,0
1675199,52,159,1
1675199,50,160,1
1675199,55,171,1
1675199,62,133,1
1675200,86,123,1
1675200,22,156,0
1675200,130,207,1
1675200,118,108,0
1675201,101,144,0
1675201,57,133,1
1675201,78,104,0
1675201,81,132,1
1675202,88,180,0
1675202,328,4,0
1675202,116,61,0
1675202,153,102,1
1675202,126,104,0
1675203,134,112,1
1675203,169,81,1
1675203,58,172,1
1675203,44,122,0
1675204,24,152,0
1675204,143,100,1
1675204,146,139,1
1675204,127,66,0
1675205,32,148,0
1675205,37,115,0
1675205,22,138,0
1675205,22,142,0
1675206,138,119,1
1675206,147,92,1
1675206,121,149,1
1675207,154,116,1
1675207,75,121,1
1675207,27,170,0
1675207,38,125,0
1675208,142,105,1
1675208,140,174,1
1675208,131,141,1
1675208,124,200,1
1675209,176,74,1
1675209,47,115,0
1675209,28,126,0
1675209,35,172,0
1675210,24,148,0
1675210,24,166,0
1675210,148,93,1
1675210,128,204,1
1675210,136,118,1
1675211,120,125,0
1675211,120,168,1
1675211,114,175,1
1675211,106,135,0
1675211,105,127,0
1675212,101,139,0
1675212,101,164,0
1675212,36,173,0
1675212,36,174,0
1675212,83,107,0
1675213,89,104,0
1675213,184,76,1
1675213,215,78,1
1675213,122,82,0
1675214,129,95,0
1675214,129,98,0
1675214,127,93,0
1675214,134,120,1
1675214,137,119,1
1675215,131,82,0
1675215,96,160,0
1675215,114,135,0
1675215,337,19,0
1675216,223,167,1
1675216,61,122,1
1675216,65,103,0
1675216,68,177,1
1675217,71,117,1
1675217,49,161,1
1675217,23,139,0
1675217,321,5,0
1675218,336,21,0
1675218,125,160,1
1675218,135,110,1
1675218,145,206,1
1675219,139,165,1
1675219,149,100,1
1675219,104,57,0
1675219,92,163,0
1675220,96,187,0
1675220,111,106,0
1675220,111,134,0
1675220,111,143,0
1675220,106,156,0
1675220,117,203,1
1675221,118,171,1
1675221,154,106,1
1675221,72,123,1
1675221,54,170,1
1675222,150,89,1
1675222,140,121,1
1675222,116,200,1
1675222,94,154,0
1675222,94,189,0
1675223,241,79,1
1675223,113,58,0
1675223,118,104,0
1675224,95,108,0
1675224,99,147,0
1675224,53,146,1
1675224,52,147,1
1675225,30,139,0
1675225,28,170,0
1675225,38,173,0
1675225,35,115,0
1675226,130,151,1
1675226,151,97,1
1675226,108,110,0
1675226,109,153,0
1675227,121,201,1
1675227,116,65,0
1675227,116,95,0
1675227,92,171,0
1675227,90,104,0
1675228,94,198,0
1675228,101,107,0
1675228,57,107,0
1675228,48,161,1
1675229,39,121,0
1675229,39,164,0
1675229,68,187,0
1675229,22,151,0
1675229,176,112,1
1675230,163,76,1
1675230,164,91,1
1675230,138,109,1
1675230,127,136,1
1675231,129,122,1
1675231,128,81,0
1675231,128,139,1
1675231,123,105,0
1675231,136,145,1
1675232,99,162,0
1675232,93,146,0
1675232,111,72,0
1675232,111,147,0
1675233,50,149,1
1675233,41,109,0
1675233,40,125,0
1675233,34,140,0
1675234,26,137,0
1675234,26,146,0
1675234,85,104,0
1675234,59,106,0
1675234,66,150,1
1675235,2,25,0
1675235,335,9,0
1675235,320,2,0
1675236,152,82,1
1675236,147,132,1
1675236,144,103,1
1675236,144,148,1
1675236,126,206,1
1675237,127,81,0
1675237,134,123,1
1675237,137,178,1
1675237,112,139,0
1675238,116,172,1
1675238,103,170,0
1675238,167,78,1
1675238,80,114,1
1675239,88,182,0
1675239,64,124,1
1675239,28,127,0
1675239,28,131,0
1675239,43,116,0
1675240,148,89,1
1675240,149,108,1
1675240,143,167,1
1675240,140,208,1
1675241,112,108,0
1675241,107,188,1
1675241,118,92,0
1675241,115,59,0
1675242,114,97,0
1675242,33,129,0
1675242,151,69,1
1675243,129,130,1
1675243,122,190,1
1675243,135,118,1
1675243,76,122,1
1675243,74,159,1
1675244,79,142,1
1675244,49,143,1
1675244,111,136,0
1675244,337,8,0
1675245,50,168,1
1675245,113,64,0
1675245,131,177,1
1675246,132,90,0
1675246,71,161,1
1675246,103,127,0
1675246,127,170,1
1675247,123,74,0
1675247,138,78,0
1675247,138,205,1
1675247,98,106,0
1675247,98,147,0
1675248,101,128,0
1675248,33,119,0
1675248,90,175,0
1675248,125,166,1
1675249,147,96,1
1675249,20,156,0
1675249,238,201,1
1675249,154,132,1
1675249,75,152,1
1675250,65,139,1
1675250,239,197,1
1675251,140,99,1
1675251,341,12,0
1675251,142,147,1
1675251,121,75,0
1675251,213,195,1
1675252,52,104,0
1675252,49,164,1
1675252,156,86,1
1675252,146,146,1
1675253,96,123,1
1675253,93,161,0
1675253,39,125,0
1675253,138,149,1
1675254,153,88,1
1675254,144,110,1
1675254,133,202,1
1675254,130,129,1
1675255,128,165,1
1675256,62,170,1
1675256,97,160,0
1675256,97,183,0
1675256,129,196,1
1675257,83,114,1
1675257,86,113,1
1675257,137,199,1
1675257,125,63,0
1675257,125,100,0
1675258,115,96,0
1675258,96,156,0
1675258,99,138,0
1675258,100,173,0
1675259,34,172,0
1675259,54,182,0
1675259,52,108,0
1675259,44,106,0
1675260,67,148,1
1675260,21,148,0
1675260,21,150,0
1675260,21,161,0
1675260,25,168,0
1675261,22,135,0
1675261,117,133,0
1675261,95,196,0
1675261,91,172,0
1675261,91,175,0
1675262,99,165,0
1675262,123,142,1
1675262,122,84,0
1675262,122,111,0
1675262,132,139,1
1675263,147,91,1
1675263,149,90,1
1675263,59,136,1
1675264,65,118,1
1675264,62,100,0
1675264,68,134,1
1675264,39,163,0
1675265,38,127,0
1675265,40,167,0
1675265,41,134,0
1675265,29,141,0
1675266,26,166,0
1675266,44,175,0
1675266,53,130,1
1675266,56,147,1
1675267,170,77,1
1675267,166,78,1
1675267,159,70,1
1675267,154,149,1
1675267,126,158,1
1675268,129,186,1
1675268,131,167,1
1675268,130,178,1
1675268,139,122,1
1675269,141,109,1
1675269,143,112,1
1675269,153,82,1
1675269,146,126,1
1675270,148,80,1
1675270,112,190,1
1675270,113,176,1
1675270,115,124,0
1675271,104,58,0
1675271,101,132,0
1675271,90,165,0
1675271,328,16,0
1675272,326,20,0
1675272,75,122,1
1675272,80,125,1
1675272,89,174,0
1675272,89,179,0
1675272,89,180,0
1675273,83,100,0
1675273,83,174,0
1675273,68,103,0
1675273,36,176,0
1675274,34,145,0
1675274,41,117,0
1675274,24,134,0
1675274,23,155,0
1675275,21,134,0
1675275,340,18,0
1675275,330,10,0
1675275,316,4,0
1675276,188,79,1
1675276,164,75,1
1675276,160,114,1
1675276,142,132,1
1675276,144,113,1
1675277,131,84,0
1675277,132,118,1
1675277,134,177,1
1675277,135,204,1
1675278,137,107,1
1675278,126,69,0
1675278,128,145,1
1675278,124,102,0
1675279,125,96,0
1675279,123,81,0
1675279,109,56,0
1675279,111,121,0
1675280,114,182,1
1675280,100,153,0
1675280,101,133,0
1675280,97,177,0
1675281,46,107,0
1675281,46,179,0
1675281,45,104,0
1675281,52,115,0
1675281,52,150,1
1675282,50,111,0
1675282,56,129,1
1675282,39,166,0
1675282,39,170,0
1675282,35,141,0
1675283,34,113,0
1675283,34,114,0
1675283,34,136,0
1675283,30,118,0
1675283,29,157,0
1675284,61,106,0
1675284,62,188,0
1675284,74,108,0
1675284,25,137,0
1675284,25,151,0
1675285,22,154,0
1675285,20,158,0
1675285,331,15,0
1675285,340,12,0
1675286,147,120,1
1675286,130,156,1
1675286,121,87,0
1675286,116,104,0
1675287,109,64,0
1675287,109,123,0
1675287,109,126,0
1675287,107,61,0
1675287,110,125,0
1675288,111,104,0
1675288,104,141,0
1675288,99,142,0
1675288,91,107,0
1675288,94,169,0
1675289,167,72,1
1675289,49,167,1
1675289,84,111,0
1675289,75,128,1
1675290,63,172,1
1675290,67,178,1
1675290,67,190,0
1675290,131,119,1
1675291,130,80,0
1675291,130,89,0
1675291,126,76,0
1675291,129,139,1
1675291,143,206,1
1675292,142,89,1
1675292,141,103,1
1675292,117,57,0
1675292,109,108,0
1675293,106,159,0
1675293,107,131,0
1675293,107,144,0
1675293,112,179,1
1675293,111,140,0
1675294,94,187,0
1675294,166,73,1
1675294,179,99,1
1675294,172,82,1
1675295,48,180,0
1675295,47,110,0
1675295,47,176,0
1675295,52,163,1
1675295,32,125,0
1675296,27,165,0
1675296,72,184,0
1675296,60,121,1
1675296,87,107,0
1675297,340,20,0
1675297,334,7,0
1675297,334,18,0
1675297,333,14,0
1675298,325,2,0
1675298,322,4,0
1675298,320,9,0
1675299,231,162,1
1675299,234,95,1
1675299,146,149,1
1675299,148,100,1
1675300,151,149,1
1675300,135,161,1
1675300,134,182,1
1675300,137,110,1
1675301,123,79,0
1675301,123,193,1
1675301,124,85,0
1675301,124,89,0
1675301,124,158,1
1675301,127,108,0
1675302,128,89,0
1675302,114,134,0
1675302,114,195,1
1675302,116,111,0
1675302,117,126,0
1675303,109,151,0
1675303,108,62,0
1675303,108,143,0
1675303,107,125,0
1675304,93,103,0
1675304,93,193,0
1675304,91,160,0
1675304,90,173,0
1675304,90,182,0
1675305,103,141,0
1675305,102,144,0
1675305,104,136,0
1675305,104,157,0
1675305,156,95,1
1675306,165,78,1
1675306,173,77,1
1675306,178,78,1
1675306,49,185,0
1675307,44,113,0
1675307,44,171,0
1675307,50,148,1
1675307,52,102,0
1675307,53,170,1
1675308,54,102,0
1675308,35,120,0
1675308,35,159,0
1675308,36,112,0
1675308,36,175,0
1675309,41,107,0
1675309,29,124,0
1675309,29,169,0
1675309,30,166,0
1675309,68,135,1
1675310,71,123,1
1675310,73,100,0
1675310,62,129,1
1675310,62,182,0
1675310,63,174,1
1675311,58,181,0
1675311,81,113,1
1675311,80,185,0
1675311,22,161,0
1675312,23,134,0
1675312,24,147,0
1675312,342,11,0
1675312,345,23,0
1675313,344,23,0
1675313,335,67,1
1675313,331,22,0
1675313,326,5,0
1675314,324,8,0
1675314,323,1,0
1675314,142,94,1
1675315,138,164,1
1675315,140,118,1
1675315,153,129,1
1675315,152,118,1
1675316,151,84,1
1675316,131,207,1
1675316,130,124,1
1675316,133,204,1
1675317,136,121,1
1675317,137,84,0
1675317,135,120,1
1675317,134,87,0
1675317,126,68,0
1675317,126,91,0
1675317,126,127,1
1675318,127,173,1
1675318,129,181,1
1675318,122,118,0
1675319,125,202,1
1675319,124,190,1
1675319,109,134,0
1675319,109,149,0
1675319,108,108,0
1675319,108,124,0
1675319,108,125,0
1675319,108,128,0
1675320,107,129,0
1675320,113,61,0
1675320,113,103,0
1675320,113,104,0
1675321,121,155,1
1675321,118,111,0
1675321,114,190,1
1675322,115,203,1
1675322,117,184,1
1675322,92,129,1
1675322,93,105,0
1675322,93,109,0
1675323,91,106,0
1675323,91,168,0
1675323,90,183,0
1675323,90,187,0
1675323,96,157,0
1675324,105,138,0
1675324,171,71,1
1675324,173,76,1
1675325,181,90,1
1675325,162,73,1
1675325,164,109,1
1675325,167,75,1
1675325,159,114,1
1675326,191,76,1
1675326,202,209,1
1675326,36,126,0
1675326,34,176,0
1675327,39,169,0
1675327,27,133,0
1675327,27,159,0
1675327,51,156,1
1675328,50,176,0
1675328,53,102,0
1675328,52,101,0
1675328,52,113,0
1675329,56,156,1
1675329,57,135,1
1675329,45,115,0
1675329,45,181,0
1675329,44,119,0
1675330,43,112,0
1675330,47,146,1
1675330,49,147,1
1675330,82,131,1
1675331,88,165,0
1675331,86,176,0
1675331,87,114,1
1675331,77,103,0
1675332,74,124,1
1675332,70,98,0
1675332,72,143,1
1675332,66,101,0
1675333,62,189,0
1675333,65,179,1
1675333,61,170,1
1675333,60,107,0
1675334,59,143,1
1675334,21,149,0
1675334,24,141,0
1675334,324,14,0
1675334,337,11,0
1675335,143,126,1
1675336,142,112,1
1675336,145,107,1
1675336,144,95,1
1675336,139,101,1
1675337,138,148,1
1675337,146,107,1
1675337,147,65,1
1675337,152,108,1
1675338,151,81,1
1675338,132,93,0
1675338,132,130,1
1675338,133,84,0
1675338,133,119,1
1675339,131,121,1
1675339,130,127,1
1675339,136,77,0
1675339,136,139,1
1675339,137,124,1
1675340,135,136,1
1675340,123,93,0
1675340,122,94,0
1675340,122,99,0
1675340,122,104,0
1675341,125,144,1
1675341,124,147,1
1675341,126,196,1
1675341,127,72,0
1675342,129,75,0
1675342,129,89,0
1675342,129,101,0
1675342,128,64,0
1675342,128,94,0
1675342,116,60,0
1675343,115,187,1
1675343,121,185,1
1675343,112,53,0
1675343,113,106,0
1675343,113,170,1
1675344,111,187,1
1675344,107,64,0
1675344,106,127,0
1675344,109,147,0
1675345,98,154,0
1675345,102,176,0
1675345,91,161,0
1675345,92,120,1
1675345,92,182,0
1675346,96,111,0
1675346,156,81,1
1675346,154,129,1
1675346,160,190,1
1675347,167,77,1
1675347,73,172,1
1675347,70,126,1
1675347,68,120,1
1675348,63,137,1
1675348,76,139,1
1675348,85,177,0
1675348,84,110,0
1675349,82,113,1
1675349,88,179,0
1675349,30,126,0
1675349,30,143,0
1675349,30,148,0
1675350,31,122,0
1675350,31,141,0
1675350,32,172,0
1675350,32,174,0
1675350,28,171,0
1675351,29,137,0
1675351,39,122,0
1675351,41,108,0
1675351,40,112,0
1675351,37,113,0
1675352,34,121,0
1675352,54,176,0
1675352,55,186,0
1675352,53,98,0
1675352,53,180,0
1675353,51,185,0
1675353,48,143,1
1675353,49,142,1
1675354,46,156,1
1675354,22,146,0
1675354,22,155,0
1675354,24,161,0
1675354,24,163,0
1675354,25,125,0
1675355,20,155,0
1675355,338,20,0
1675355,340,21,0
1675355,342,20,0
1675356,332,16,0
1675356,332,19,0
1675356,330,14,0
1675356,325,5,0
1675356,323,12,0
1675357,319,10,0
1675357,142,78,0
1675357,143,89,1
1675358,144,100,1
1675358,138,204,1
1675358,140,201,1
1675358,150,90,1
1675359,151,82,1
1675359,146,84,1
1675359,122,73,0
1675359,122,80,0
1675359,122,97,0
1675360,125,173,1
1675360,126,87,0
1675360,129,136,1
1675360,131,77,0
1675360,131,124,1
1675361,133,135,1
1675361,133,206,1
1675361,132,166,1
1675361,136,119,1
1675362,137,114,1
1675362,134,109,1
1675362,120,166,1
1675362,121,163,1
1675362,119,199,1
1675363,114,57,0
1675363,114,61,0
1675363,116,138,0
1675363,116,203,1
1675363,93,155,0
1675363,93,174,0
1675364,95,166,0
1675364,95,172,0
1675364,94,117,1
1675364,96,116,1
1675365,99,143,0
1675365,99,175,0
1675365,100,142,0
1675365,101,152,0
1675365,212,76,1
1675366,191,181,1
1675366,185,80,1
1675366,162,93,1
1675366,164,77,1
1675367,169,72,1
1675367,161,72,1
1675367,156,113,1
1675367,59,111,0
1675367,59,124,1
1675368,58,184,0
1675368,62,131,1
1675368,63,176,1
1675368,69,115,1
1675369,68,141,1
1675369,66,103,0
1675369,73,105,0
1675369,72,137,1
1675370,71,210,1
1675370,79,118,1
1675370,78,106,0
1675370,75,126,1
1675371,74,179,1
1675371,76,126,1
1675371,83,103,0
1675371,88,120,1
1675372,89,171,0
1675372,38,111,0
1675372,38,170,0
1675372,41,129,0
1675373,34,150,0
1675373,34,166,0
1675373,29,139,0
1675373,29,161,0
1675373,28,146,0
1675374,26,168,0
1675374,31,117,0
1675374,31,153,0
1675374,52,155,1
1675375,53,133,1
1675375,50,117,0
1675375,50,162,1
1675375,51,170,1
1675376,56,150,1
1675376,56,185,0
1675376,54,169,1
1675376,55,152,1
1675376,43,124,0
1675376,43,168,0
1675377,48,146,1
1675377,49,154,1
1675377,46,160,1
1675377,25,140,0
1675378,21,142,0
1675378,315,0,0
1675378,328,12,0
1675379,326,10,0
1675379,326,12,0
1675379,326,14,0
1675379,325,14,0
1675379,336,20,0
1675379,336,22,0
1675380,337,20,0
1675380,337,23,0
1675380,331,6,0
1675380,331,18,0
1675380,342,23,0
1675381,152,123,1
1675381,150,94,1
1675381,150,115,1
1675382,149,86,1
1675382,148,169,1
1675382,146,101,1
1675382,142,129,1
1675383,144,97,1
1675383,139,128,1
1675383,138,206,1
1675383,140,110,1
1675384,124,77,0
1675384,124,78,0
1675384,124,182,1
1675384,125,141,1
1675384,122,88,0
1675385,123,75,0
1675385,123,192,1
1675385,128,84,0
1675385,128,101,0
1675385,129,82,0
1675385,129,92,0
1675385,129,202,1
1675386,127,63,0
1675386,127,79,0
1675386,127,159,1
1675386,126,98,0
1675386,126,99,0
1675386,126,149,1
1675386,126,199,1
1675387,130,176,1
1675387,131,150,1
1675387,133,123,1
1675388,137,77,0
1675388,137,202,1
1675388,136,107,1
1675388,136,125,1
1675388,135,125,1
1675389,134,142,1
1675389,106,110,0
1675389,106,129,0
1675389,106,150,0
1675389,108,112,0
1675389,108,131,0
1675390,110,135,0
1675390,112,59,0
1675390,112,137,0
1675390,121,63,0
1675390,121,70,0
1675390,121,73,0
1675390,121,91,0
1675390,121,197,1
1675391,120,80,0
1675391,120,81,0
1675391,120,101,0
1675391,118,161,1
1675392,114,203,1
1675392,115,111,0
1675392,103,126,0
1675392,103,147,0
1675392,103,168,0
1675392,103,177,0
1675393,105,53,0
1675393,105,153,0
1675393,99,105,0
1675393,99,157,0
1675393,95,169,0
1675393,95,170,0
1675393,95,173,0
1675393,95,175,0
1675394,91,147,0
1675394,91,159,0
1675394,91,215,1
1675395,90,171,0
1675395,92,111,0
1675395,168,74,1
1675395,169,208,1
1675395,166,191,1
1675396,164,69,1
1675396,157,108,1
1675396,161,99,1
1675396,176,75,1
1675397,81,112,1
1675397,79,132,1
1675397,77,100,0
1675397,74,103,0
1675398,84,114,1
1675398,89,102,0
1675398,89,111,0
1675398,87,178,0
1675398,61,104,0
1675399,60,147,1
1675399,62,120,1
1675399,67,84,0
1675399,66,140,1
1675400,69,117,1
1675400,32,118,0
1675400,32,136,0
1675400,32,150,0
1675400,33,130,0
1675400,33,157,0
1675401,27,139,0
1675401,27,157,0
1675401,41,125,0
1675401,39,175,0
1675402,36,117,0
1675402,43,117,0
1675402,45,162,1
1675402,49,163,1
1675403,54,101,0
1675403,57,144,1
1675403,51,155,1
1675403,53,109,0
1675404,52,164,1
1675404,24,137,0
1675404,24,151,0
1675404,25,131,0
1675404,20,153,0
1675405,21,159,0
1675405,327,9,0
1675405,327,14,0
1675405,327,15,0
1675405,329,9,0
1675405,329,20,0
1675406,320,5,0
1675406,320,6,0
1675406,317,5,0
1675406,316,5,0
1675406,334,23,0
1675407,268,168,1
1675407,271,71,1
1675407,231,204,1
1675407,246,187,1
1675408,138,77,0
1675408,139,201,1
1675408,142,69,0
1675408,142,104,1
1675409,143,119,1
1675409,144,184,1
1675409,145,149,1
1675409,151,109,1
1675409,148,133,1
1675410,149,183,1
1675410,146,172,1
1675410,129,80,0
1675410,129,100,0
1675411,128,85,0
1675411,128,151,1
1675411,126,190,1
1675411,123,89,0
1675412,122,89,0
1675412,122,110,0
1675412,122,200,1
1675412,125,150,1
1675412,124,185,1
1675413,134,124,1
1675413,137,120,1
1675413,131,197,1
1675413,133,167,1
1675414,106,115,0
1675414,106,154,0
1675414,112,123,0
1675414,112,133,0
1675414,111,186,1
1675415,121,195,1
1675415,120,202,1
1675415,119,84,0
1675415,119,181,1
1675415,118,91,0
1675415,118,106,0
1675416,96,178,0
1675416,95,157,0
1675416,93,107,0
1675416,93,188,0
1675417,90,169,0
1675417,104,134,0
1675417,105,157,0
1675417,100,157,0
1675417,159,128,1
1675418,157,126,1
1675418,167,90,1
1675418,165,75,1
1675418,185,73,1
1675419,204,196,1
1675419,80,35,0
1675419,80,115,1
1675419,78,105,0
1675419,78,108,0
1675420,89,172,0
1675420,87,187,0
1675420,82,101,0
1675420,82,103,0
1675420,85,113,1
1675421,73,123,1
1675421,71,159,1
1675421,70,132,1
1675421,66,129,1
1675422,67,102,0
1675422,67,136,1
1675422,64,141,1
1675422,64,187,0
1675422,65,177,1
1675423,62,150,1
1675423,59,107,0
1675423,61,159,1
1675423,30,144,0
1675424,27,168,0
1675424,35,112,0
1675424,34,174,0
1675424,36,172,0
1675425,38,109,0
1675425,38,133,0
1675425,38,164,0
1675425,51,158,1
1675425,51,179,0
1675425,56,130,1
1675426,43,146,1
1675426,46,173,0
1675426,48,149,1
1675426,23,129,0
1675426,23,164,0
1675427,20,130,0
1675427,333,20,0
1675427,330,5,0
1675428,339,23,0
1675428,344,2,1
1675428,342,63,1
1675428,317,6,0
1675429,318,11,0
1675429,241,114,1
1675429,150,161,1
1675429,152,112,1
1675430,146,80,1
1675430,147,201,1
1675430,138,112,1
1675430,138,184,1
1675430,139,166,1
1675431,143,103,1
1675431,142,205,1
1675431,144,134,1
1675431,144,170,1
1675432,145,126,1
1675432,129,97,0
1675432,128,163,1
1675432,126,175,1
1675432,127,78,0
1675433,122,117,0
1675433,123,80,0
1675433,124,198,1
1675433,125,152,1
1675434,135,78,0
1675434,135,129,1
1675434,134,207,1
1675434,137,210,1
1675435,133,122,1
1675435,131,166,1
1675435,130,91,0
1675435,114,101,0
1675435,114,128,0
1675436,115,181,1
1675436,117,90,0
1675436,117,201,1
1675436,121,204,1
1675436,120,201,1
1675437,118,202,1
1675437,119,177,1
1675437,113,171,1
1675437,111,105,0
1675437,111,184,1
1675438,109,133,0
1675438,109,148,0
1675438,109,182,1
1675438,98,148,0
1675438,98,153,0
1675438,98,167,0
1675439,101,151,0
1675439,101,169,0
1675439,103,203,0
1675439,96,150,0
1675439,96,153,0
1675440,95,117,1
1675440,95,160,0
1675440,90,170,0
1675440,92,104,0
1675440,161,80,1
1675441,156,206,1
1675441,166,186,1
1675441,167,79,1
1675441,165,81,1
1675442,178,152,1
1675442,185,185,1
1675442,77,102,0
1675442,77,195,1
1675443,80,196,1
1675443,89,117,1
1675443,86,101,0
1675443,87,117,1
1675443,83,116,1
1675444,82,115,1
1675444,82,180,0
1675444,66,145,1
1675444,67,118,1
1675444,67,139,1
1675445,69,178,1
1675445,71,180,1
1675445,62,151,1
1675445,65,141,1
1675446,61,156,1
1675446,29,149,0
1675446,26,131,0
1675446,26,133,0
1675446,38,172,0
1675446,38,174,0
1675446,38,175,0
1675447,41,111,0
1675447,41,119,0
1675447,41,172,0
1675447,34,159,0
1675448,52,111,0
1675448,53,132,1
1675448,53,185,0
1675448,51,149,1
1675448,51,163,1
1675449,56,99,0
1675449,55,101,0
1675449,55,108,0
1675449,47,103,0
1675449,47,109,0
1675450,46,158,1
1675450,25,169,0
1675450,24,164,0
1675450,1,239,0
1675451,227,121,1
1675451,342,15,0
1675451,315,4,0
1675451,151,139,1
1675452,148,128,1
1675452,149,137,1
1675452,146,72,0
1675452,147,113,1
1675453,144,84,1
1675453,145,135,1
1675453,142,181,1
1675453,143,202,1
1675454,138,208,1
1675454,139,103,1
1675454,141,86,1
1675454,140,112,1
1675455,127,96,0
1675455,126,124,1
1675455,129,67,0
1675455,129,72,0
1675455,129,164,1
1675456,128,166,1
1675456,122,161,1
1675456,123,152,1
1675456,125,83,0
1675456,125,187,1
1675457,124,154,1
1675457,133,87,0
1675457,131,155,1
1675457,130,69,0
1675457,130,205,1
1675458,135,135,1
1675458,134,201,1
1675458,136,82,0
1675458,136,142,1
1675459,107,127,0
1675459,107,161,0
1675459,106,58,0
1675459,106,60,0
1675459,106,61,0
1675459,106,157,0
1675459,111,192,1
1675460,110,145,0
1675460,113,179,1
1675460,116,87,0
1675460,116,96,0
1675461,117,172,1
1675461,115,57,0
1675461,114,172,1
1675461,119,82,0
1675461,119,86,0
1675461,119,88,0
1675462,118,181,1
1675462,120,159,1
1675462,121,187,1
1675462,102,134,0
1675462,102,149,0
1675463,103,155,0
1675463,100,166,0
1675463,94,173,0
1675464,199,208,1
1675464,171,73,1
1675464,170,207,1
1675464,162,70,1
1675464,154,92,1
1675465,76,154,1
1675465,77,114,1
1675465,87,176,0
1675465,87,179,0
1675466,88,123,1
1675466,85,112,1
1675466,84,100,0
1675466,84,181,0
1675466,63,99,0
1675467,65,188,0
1675467,61,146,1
1675467,60,151,1
1675467,59,169,1
1675467,59,179,0
1675468,70,170,1
1675468,71,142,1
1675468,72,151,1
1675468,67,127,1
1675469,66,134,1
1675469,68,137,1
1675469,27,127,0
1675469,27,152,0
1675469,27,164,0
1675470,29,133,0
1675470,33,152,0
1675470,33,162,0
1675470,31,121,0
1675470,31,126,0
1675471,36,105,0
1675471,36,113,0
1675471,38,114,0
1675471,49,107,0
1675471,46,139,1
1675472,44,102,0
1675472,44,128,0
1675472,42,131,0
1675472,50,145,1
1675473,52,139,1
1675473,53,173,1
1675473,56,183,0
1675473,55,102,0
1675473,24,157,0
1675474,22,137,0
1675474,261,202,0
1675474,232,95,1
1675474,319,6,0
1675475,316,6,0
1675475,324,16,0
1675475,338,16,0
1675475,338,19,0
1675476,339,11,0
1675476,342,0,1
1675476,332,10,0
1675476,127,103,0
1675476,126,198,1
1675477,129,200,1
1675477,128,162,1
1675477,125,72,0
1675477,125,176,1
1675478,124,101,0
1675478,124,165,1
1675478,123,143,1
1675478,122,60,0
1675478,122,204,1
1675478,134,83,0
1675478,134,117,1
1675479,135,121,1
1675479,131,97,0
1675479,131,125,1
1675479,130,99,0
1675479,130,180,1
1675480,133,93,0
1675480,133,125,1
1675480,147,90,1
1675480,146,89,1
1675481,148,118,1
1675481,149,126,1
1675481,153,113,1
1675481,145,159,1
1675482,144,104,1
1675482,142,204,1
1675482,143,92,1
1675482,138,207,1
1675483,139,123,1
1675483,141,202,1
1675483,109,55,0
1675483,109,103,0
1675483,109,121,0
1675484,106,124,0
1675484,112,135,0
1675484,112,167,1
1675485,114,62,0
1675485,114,63,0
1675485,114,122,0
1675485,115,189,1
1675485,117,96,0
1675486,116,121,0
1675486,119,119,0
1675486,119,173,1
1675486,118,203,1
1675486,120,150,1
1675487,100,140,0
1675487,100,144,0
1675487,100,159,0
1675487,100,165,0
1675487,99,144,0
1675487,99,167,0
1675488,98,146,0
1675488,98,160,0
1675488,98,191,0
1675488,105,60,0
1675488,105,158,0
1675488,103,158,0
1675489,91,180,0
1675489,91,188,0
1675489,94,151,0
1675489,97,114,0
1675489,97,173,0
1675490,96,169,0
1675490,160,110,1
1675490,156,84,1
1675490,166,72,1
1675491,162,120,1
1675491,163,77,1
1675491,165,86,1
1675491,175,223,1
1675492,172,132,1
1675492,180,120,1
1675492,198,68,1
1675492,195,77,1
1675492,86,173,0
1675493,87,168,0
1675493,85,115,1
1675493,85,172,0
1675493,80,105,0
1675493,80,139,1
1675494,81,102,0
1675494,81,109,0
1675494,79,113,1
1675494,77,123,1
1675494,77,184,0
1675495,76,37,0
1675495,76,104,0
1675495,68,101,0
1675495,69,99,0
1675495,67,174,1
1675496,66,130,1
1675496,73,164,1
1675496,71,114,1
1675496,70,103,0
1675497,63,118,1
1675497,64,100,0
1675497,64,155,1
1675497,65,128,1
1675497,58,100,0
1675498,59,127,1
1675498,60,100,0
1675498,60,137,1
1675498,61,177,1
1675499,34,118,0
1675499,34,135,0
1675499,34,167,0
1675499,34,173,0
1675499,35,127,0
1675499,35,161,0
1675500,37,112,0
1675500,39,173,0
1675500,39,177,0
1675500,29,135,0
1675500,29,136,0
1675500,29,140,0
1675501,28,153,0
1675501,27,129,0
1675501,27,150,0
1675501,32,156,0
1675501,32,165,0
1675502,30,149,0
1675502,30,169,0
1675502,45,119,0
1675502,45,175,0
1675502,49,169,1
1675502,49,173,0
1675503,47,151,1
1675503,57,175,1
1675503,56,169,1
1675503,55,139,1
1675504,53,115,0
1675504,53,161,1
1675504,52,105,0
1675504,52,112,0
1675504,52,142,1
1675504,52,184,0
1675505,50,161,1
1675505,51,102,0
1675505,51,138,1
1675505,24,159,0
1675505,24,160,0
1675506,23,133,0
1675506,23,137,0
1675506,22,148,0
1675506,22,164,0
1675506,220,135,1
1675507,332,23,0
1675507,341,17,0
1675507,321,32,1
1675507,317,7,0
1675507,317,10,0
1675508,322,14,0
1675508,304,162,0
1675508,124,80,0
1675508,124,96,0
1675509,125,142,1
1675509,123,179,1
1675509,122,176,1
1675509,129,205,1
1675510,128,59,0
1675510,128,74,0
1675510,128,127,1
1675510,127,149,1
1675510,126,174,1
1675510,126,204,1
1675511,136,141,1
1675511,137,133,1
1675511,135,163,1
1675511,134,183,1
1675512,130,170,1
1675512,131,69,0
1675512,131,147,1
1675512,131,178,1
1675512,133,195,1
1675513,147,105,1
1675513,146,190,1
1675513,148,88,1
1675513,149,96,1
1675514,153,89,1
1675514,138,108,1
1675514,139,80,0
1675514,139,112,1
1675514,141,78,0
1675514,141,208,1
1675515,140,157,1
1675515,143,190,1
1675515,142,138,1
1675515,142,145,1
1675516,144,94,1
1675516,145,108,1
1675516,145,128,1
1675516,117,104,0
1675516,117,130,0
1675517,116,62,0
1675517,116,99,0
1675517,116,131,0
1675517,114,93,0
1675517,119,89,0
1675517,119,154,1
1675518,118,100,0
1675518,118,175,1
1675518,120,72,0
1675518,120,205,1
1675518,108,58,0
1675518,108,139,0
1675519,109,127,0
1675519,106,130,0
1675519,106,133,0
1675519,106,134,0
1675519,107,113,0
1675520,111,166,1
1675520,104,159,0
1675520,105,62,0
1675520,105,129,0
1675520,102,152,0
1675521,101,113,0
1675521,96,177,0
1675521,94,179,0
1675521,91,164,0
1675521,91,187,0
1675522,161,208,1
1675522,158,87,1
1675522,159,86,1
1675523,155,195,1
1675523,154,114,1
1675523,162,122,1
1675523,166,70,1
1675523,172,72,1
1675524,177,213,1
1675524,193,176,1
1675524,201,168,1
1675524,199,219,1
1675525,204,166,1
1675525,89,107,0
1675525,89,166,0
1675525,89,173,0
1675525,82,117,1
1675526,85,148,0
1675526,78,131,1
1675526,79,114,1
1675526,80,135,1
1675527,77,167,1
1675527,63,143,1
1675527,63,188,0
1675527,62,110,0
1675527,62,155,1
1675528,65,154,1
1675528,60,184,0
1675528,59,125,1
1675528,58,178,0
1675529,67,155,1
1675529,66,144,1
1675529,29,126,0
1675529,29,155,0
1675529,29,159,0
1675529,28,165,0
1675530,27,153,0
1675530,31,135,0
1675530,31,138,0
1675530,31,158,0
1675530,31,160,0
1675531,30,122,0
1675531,30,130,0
1675531,33,154,0
1675531,32,117,0
1675531,37,129,0
1675532,36,145,0
1675532,35,114,0
1675532,35,167,0
1675532,39,120,0
1675532,39,135,0
1675533,38,178,0
1675533,57,101,0
1675533,56,134,1
1675533,53,107,0
1675534,52,138,1
1675534,50,113,0
1675534,48,158,1
1675534,47,117,0
1675534,47,152,1
1675535,43,109,0
1675535,6,16,1
1675535,21,160,0
1675536,23,140,0
1675536,244,120,1
1675537,335,5,0
1675537,336,9,0
1675537,331,10,0
1675537,321,8,0
1675538,325,16,0
1675538,139,78,0
1675538,139,79,0
1675538,138,201,1
1675538,141,206,1
1675539,140,184,1
1675539,143,90,1
1675539,142,146,1
1675539,145,96,1
1675540,144,205,1
1675540,146,83,1
1675540,147,147,1
1675540,148,109,1
1675541,149,80,1
1675541,153,140,1
1675541,127,84,0
1675541,127,101,0
1675541,126,144,1
1675542,129,79,0
1675542,129,172,1
1675542,129,189,1
1675542,128,98,0
1675542,128,207,1
1675542,124,76,0
1675542,124,81,0
1675542,124,107,0
1675542,124,110,0
1675543,125,82,0
1675543,125,200,1
1675543,123,137,1
1675544,122,77,0
1675544,122,202,1
1675544,131,80,0
1675544,131,136,1
1675545,130,174,1
1675545,132,201,1
1675545,133,173,1
1675545,137,206,1
1675545,136,149,1
1675546,134,146,1
1675546,135,178,1
1675546,118,105,0
1675546,118,130,0
1675547,119,102,0
1675547,119,110,0
1675547,120,64,0
1675547,120,65,0
1675547,120,75,0
1675547,120,109,0
1675547,120,200,1
1675548,121,196,1
1675548,117,87,0
1675548,117,200,1
1675548,114,133,0
1675548,114,138,0
1675548,114,192,1
1675549,115,65,0
1675549,108,57,0
1675549,108,136,0
1675549,106,123,0
1675549,106,136,0
1675550,112,60,0
1675550,112,63,0
1675550,112,111,0
1675550,112,134,0
1675550,111,52,0
1675550,111,141,0
1675550,111,142,0
1675551,97,165,0
1675551,97,174,0
1675551,95,191,0
1675551,94,115,1
1675552,100,160,0
1675552,100,162,0
1675552,102,154,0
1675552,102,160,0
1675552,102,177,0
1675552,104,127,0
1675552,104,138,0
1675552,104,155,0
1675553,182,196,1
1675553,180,156,1
1675553,177,74,1
1675554,172,75,1
1675554,162,79,1
1675554,165,128,1
1675554,166,103,1
1675554,158,70,1
1675555,159,143,1
1675555,161,90,1
1675555,155,132,1
1675555,156,182,1
1675556,85,111,0
1675556,82,159,0
1675556,87,102,0
1675556,87,174,0
1675556,87,177,0
1675556,87,184,0
1675557,76,107,0
1675557,77,151,1
1675557,74,116,1
1675557,78,99,0
1675557,78,196,1
1675558,79,125,1
1675558,68,102,0
1675558,68,183,0
1675558,67,135,1
1675558,67,187,0
1675559,70,121,1
1675559,71,127,1
1675559,73,103,0
1675560,65,99,0
1675560,64,98,0
1675560,63,170,1
1675560,62,164,1
1675560,60,174,1
1675561,51,100,0
1675561,51,101,0
1675561,53,165,1
1675561,53,179,0
1675562,55,135,1
1675562,56,146,1
1675562,46,164,1
1675562,47,112,0
1675562,47,150,1
1675563,48,106,0
1675563,48,145,1
1675563,44,120,0
1675563,44,170,0
1675563,44,172,0
1675563,28,134,0
1675563,28,140,0
1675563,28,167,0
1675564,31,146,0
1675564,31,159,0
1675564,32,112,0
1675565,37,116,0
1675565,37,167,0
1675565,35,146,0
1675565,20,145,0
1675565,20,146,0
1675565,21,128,0
1675565,21,131,0
1675566,23,142,0
1675566,23,157,0
1675566,327,10,0
1675566,335,10,0
1675566,335,12,0
1675567,333,22,0
1675567,331,14,0
1675567,345,2,1
1675567,345,19,0
1675568,311,139,1
1675568,235,88,1
1675568,150,110,1
1675568,146,102,1
1675569,147,98,1
1675569,148,82,1
1675569,149,99,1
1675569,138,118,1
1675570,139,118,1
1675570,141,179,1
1675570,140,156,1
1675570,143,165,1
1675570,142,121,1
1675571,145,98,1
1675571,144,172,1
1675571,127,28,0
1675571,127,145,1
1675571,127,203,1
1675572,126,73,0
1675572,126,185,1
1675572,129,162,1
1675572,128,185,1
1675573,122,64,0
1675573,123,91,0
1675573,123,100,0
1675573,124,93,0
1675573,124,143,1
1675574,125,75,0
1675574,131,145,1
1675574,130,88,0
1675574,130,135,1
1675574,133,77,0
1675574,133,205,1
1675575,132,167,1
1675575,137,81,0
1675575,137,85,0
1675575,137,204,1
1675575,136,84,0
1675576,134,131,1
1675576,135,158,1
1675576,109,124,0
1675576,109,191,1
1675577,108,126,0
1675577,106,143,0
1675577,106,149,0
1675577,110,98,0
1675577,111,101,0
1675577,111,123,0
1675578,113,128,0
1675578,112,195,1
1675578,115,58,0
1675578,115,91,0
1675578,115,95,0
1675579,114,177,1
1675579,117,163,1
1675579,116,198,1
1675579,118,96,0
1675579,118,127,0
1675579,118,179,1
1675580,119,59,0
1675580,119,60,0
1675580,119,83,0
1675580,119,95,0
1675580,119,168,1
1675581,120,97,0
1675581,120,178,1
1675581,121,82,0
1675581,121,173,1
1675581,92,114,1
1675582,93,159,0
1675582,90,121,1
1675582,90,181,0
1675582,95,183,0
1675582,97,152,0
1675582,97,161,0
1675582,97,178,0
1675583,105,143,0
1675583,105,159,0
1675583,105,190,1
1675583,103,139,0
1675584,99,148,0
1675584,99,168,0
1675584,170,76,1
1675584,171,74,1
1675584,176,133,1
1675585,179,89,1
1675585,168,73,1
1675585,165,80,1
1675585,162,80,1
1675586,155,83,1
1675586,158,167,1
1675586,161,101,1
1675586,188,199,1
1675587,194,79,1
1675587,86,103,0
1675587,86,107,0
1675587,86,183,0
1675587,84,104,0
1675587,84,136,1
1675588,85,119,1
1675588,75,119,1
1675588,78,134,1
1675588,69,168,1
1675589,66,137,1
1675589,73,136,1
1675589,61,168,1
1675589,60,102,0
1675590,63,135,1
1675590,64,134,1
1675590,65,122,1
1675590,57,123,1
1675591,55,91,0
1675591,53,151,1
1675591,53,155,1
1675591,52,149,1
1675591,51,104,0
1675592,49,157,1
1675592,48,112,0
1675592,48,153,1
1675592,46,150,1
1675592,31,115,0
1675592,31,119,0
1675592,31,156,0
1675592,31,173,0
1675593,30,142,0
1675593,32,134,0
1675593,32,167,0
1675594,38,117,0
1675594,38,129,0
1675594,38,159,0
1675594,34,143,0
1675594,20,160,0
1675595,23,141,0
1675595,25,136,0
1675595,327,0,0
1675595,327,13,0
1675595,327,16,0
1675596,326,13,0
1675596,329,5,0
1675596,329,8,0
1675596,324,18,0
1675596,325,8,0
1675597,318,8,0
1675597,318,9,0
1675597,334,17,0
1675597,335,0,1
1675597,337,2,1
1675598,341,2,1
1675598,312,10,0
1675598,294,64,0
1675598,248,197,1
1675599,220,208,1
1675599,228,76,1
1675599,164,110,1
1675600,165,73,1
1675600,163,75,1
1675600,166,71,1
1675600,168,78,1
1675601,159,85,1
1675601,155,88,1
1675601,172,208,1
1675601,178,128,1
1675602,182,77,1
1675602,183,77,1
1675602,203,71,1
1675602,193,148,1
1675603,153,80,1
1675603,152,120,1
1675603,150,84,1
1675603,151,98,1
1675604,146,115,1
1675604,147,135,1
1675604,149,112,1
1675604,148,87,1
1675605,143,98,1
1675605,142,102,1
1675605,144,80,1
1675605,145,207,1
1675605,139,121,1
1675606,138,185,1
1675606,141,130,1
1675606,123,68,0
1675606,123,73,0
1675606,123,92,0
1675607,122,193,1
1675607,124,201,1
1675607,127,94,0
1675607,127,134,1
1675608,126,79,0
1675608,126,100,0
1675608,126,201,1
1675608,129,174,1
1675608,128,200,1
1675608,132,73,0
1675608,132,75,0
1675609,133,117,1
1675609,130,201,1
1675609,131,151,1
1675609,131,162,1
1675610,134,65,0
1675610,134,85,0
1675610,134,138,1
1675610,135,185,1
1675610,136,140,1
1675611,111,63,0
1675611,111,127,0
1675611,111,131,0
1675611,113,96,0
1675611,113,162,1
1675611,109,187,1
1675612,118,88,0
1675612,118,194,1
1675612,118,196,1
1675612,119,66,0
1675612,119,85,0
1675612,119,203,1
1675613,120,94,0
1675613,121,77,0
1675613,121,162,1
1675613,121,166,1
1675613,117,162,1
1675614,116,170,1
1675614,115,176,1
1675614,102,124,0
1675614,104,162,0
1675615,99,113,0
1675615,99,163,0
1675615,101,158,0
1675615,92,158,0
1675615,92,161,0
1675615,91,114,1
1675616,97,109,0
1675616,59,100,0
1675616,60,187,0
1675616,61,131,1
1675616,61,169,1
1675616,61,188,0
1675617,63,145,1
1675617,62,172,1
1675617,64,133,1
1675618,65,131,1
1675618,66,166,1
1675618,69,164,1
1675618,68,146,1
1675619,72,113,1
1675619,88,114,1
1675619,89,105,0
1675619,86,119,1
1675620,85,125,1
1675620,83,198,1
1675620,77,118,1
1675620,76,137,1
1675621,74,119,1
1675621,79,100,0
1675621,36,165,0
1675621,34,117,0
1675621,39,111,0
1675622,32,129,0
1675622,32,152,0
1675622,32,169,0
1675622,26,125,0
1675622,53,152,1
1675622,53,178,0
1675623,52,153,1
1675623,54,111,0
1675623,54,175,0
1675623,54,179,0
1675623,55,136,1
1675624,57,162,1
1675624,57,184,0
1675624,45,111,0
1675624,45,154,1
1675624,48,155,1
1675624,48,184,0
1675625,21,136,0
1675625,21,146,0
1675625,21,157,0
1675625,23,165,0
1675626,341,20,0
1675626,330,19,0
1675626,324,13,0
1675627,314,1,0
1675627,291,98,1
1675628,233,237,1
1675628,224,159,1
1675629,248,192,1
1675629,161,202,1
1675629,158,108,1
1675629,156,107,1
1675630,157,120,1
1675630,155,110,1
1675630,166,81,1
1675630,167,73,1
1675631,168,88,1
1675631,169,186,1
1675631,164,170,1
1675631,170,163,1
1675632,171,89,1
1675632,172,76,1
1675632,174,173,1
1675632,177,85,1
1675632,176,181,1
1675633,180,214,1
1675633,178,75,1
1675633,182,121,1
1675633,191,153,1
1675634,206,209,1
1675634,215,197,1
1675634,146,66,1
1675634,147,99,1
1675635,149,95,1
1675635,148,91,1
1675635,151,212,1
1675635,150,145,1
1675636,153,207,1
1675636,143,171,1
1675636,143,178,1
1675636,142,120,1
1675636,145,101,1
1675637,144,143,1
1675637,144,204,1
1675637,138,80,0
1675637,138,99,1
1675637,138,126,1
1675638,139,206,1
1675638,141,92,1
1675638,140,167,1
1675638,134,81,0
1675638,135,76,0
1675638,135,80,0
1675638,135,86,0
1675638,135,108,1
1675639,137,179,1
1675639,136,120,1
1675640,130,123,1
1675640,131,191,1
1675640,131,203,1
1675640,132,141,1
1675640,133,200,1
1675641,124,60,0
1675641,124,95,0
1675641,124,173,1
1675641,124,199,1
1675641,125,201,1
1675641,123,83,0
1675641,123,160,1
1675642,122,158,1
1675642,122,165,1
1675642,129,90,0
1675642,129,208,1
1675643,128,103,0
1675643,128,199,1
1675643,127,75,0
1675643,127,90,0
1675643,127,102,0
1675643,127,158,1
1675643,127,181,1
1675643,127,192,1
1675644,126,128,1
1675644,107,75,0
1675644,107,128,0
1675644,107,196,0
1675644,111,59,0
1675644,111,182,1
1675645,110,101,0
1675645,113,203,1
1675645,119,100,0
1675645,119,107,0
1675645,119,112,0
1675645,119,190,1
1675646,118,112,0
1675646,118,116,0
1675646,118,159,1
1675646,121,186,1
1675647,116,98,0
1675647,117,205,1
1675647,98,150,0
1675647,99,114,0
1675647,99,184,0
1675648,103,129,0
1675648,97,121,1
1675648,90,174,0
1675648,92,168,0
1675649,93,145,0
1675649,93,176,0
1675649,89,160,0
1675649,82,118,1
1675649,85,178,0
1675650,79,104,0
1675650,80,112,1
1675650,77,127,1
1675650,74,130,1
1675651,71,106,0
1675651,71,121,1
1675651,70,115,1
1675651,72,108,0
1675651,73,115,1
1675651,73,194,1
1675652,66,123,1
1675652,67,129,1
1675652,69,58,1
1675652,69,139,1
1675653,68,117,1
1675653,68,185,0
1675653,61,151,1
1675653,61,186,0
1675653,60,154,1
1675654,59,187,0
1675654,65,115,1
1675654,64,99,0
1675654,64,125,1
1675655,62,118,1
1675655,51,171,1
1675655,50,142,1
1675655,53,172,1
1675655,54,148,1
1675656,55,167,1
1675656,56,166,1
1675656,57,171,1
1675656,42,115,0
1675657,45,160,1
1675657,47,156,1
1675657,41,113,0
1675657,41,114,0
1675658,39,78,1
1675658,30,121,0
1675658,30,132,0
1675658,32,45,1
1675658,32,157,0
1675658,26,119,0
1675658,26,127,0
1675658,26,148,0
1675658,26,163,0
1675659,28,163,0
1675659,23,148,0
1675660,22,134,0
1675660,22,140,0
1675660,22,158,0
1675660,21,138,0
1675660,17,141,0
1675660,338,15,0
1675661,339,20,0
1675661,342,3,1
1675661,328,7,0
1675661,321,9,0
1675662,318,5,0
1675662,220,167,1
1675663,250,160,1
1675663,195,203,1
1675663,175,167,1
1675664,172,80,1
1675664,181,100,1
1675664,178,81,1
1675664,182,81,1
1675665,159,165,1
1675665,158,139,1
1675665,161,98,1
1675665,160,168,1
1675666,155,111,1
1675666,156,177,1
1675666,168,71,1
1675666,163,72,1
1675667,164,107,1
1675667,146,81,1
1675667,147,104,1
1675667,147,205,1
1675667,149,122,1
1675667,149,161,1
1675668,148,147,1
1675668,151,85,1
1675668,150,85,1
1675668,153,68,1
1675669,152,109,1
1675669,143,131,1
1675669,142,66,1
1675669,145,180,1
1675670,144,96,1
1675670,139,124,1
1675670,138,195,1
1675670,141,146,1
1675671,140,109,1
1675671,134,140,1
1675671,134,154,1
1675671,135,139,1
1675671,137,102,1
1675672,136,144,1
1675672,130,62,0
1675672,130,120,1
1675672,130,155,1
1675672,131,65,0
1675672,131,132,1
1675673,132,206,1
1675673,133,188,1
1675673,127,140,1
1675673,126,94,0
1675673,126,163,1
1675674,129,155,1
1675674,128,97,0
1675674,128,126,1
1675674,124,94,0
1675674,124,137,1
1675675,125,193,1
1675675,123,87,0
1675675,123,176,1
1675675,122,153,1
1675676,102,138,0
1675676,102,151,0
1675676,102,159,0
1675676,103,111,0
1675676,103,154,0
1675676,94,166,0
1675676,94,182,0
1675676,94,184,0
1675677,92,170,0
1675677,93,158,0
1675677,90,117,1
1675677,90,167,0
1675678,116,100,0
1675678,116,109,0
1675678,116,125,0
1675678,116,130,0
1675678,117,85,0
1675678,117,109,0
1675678,117,156,1
1675679,115,165,1
1675679,119,103,0
1675679,119,127,0
1675679,119,169,1
1675679,118,67,0
1675679,118,119,0
1675679,118,177,1
1675680,121,199,1
1675680,112,66,0
1675680,112,104,0
1675680,112,202,1
1675681,111,181,1
1675681,110,178,1
1675681,107,58,0
1675681,107,146,0
1675682,109,107,0
1675682,84,101,0
1675682,84,153,1
1675682,85,107,0
1675682,83,176,0
1675683,86,114,1
1675683,87,115,1
1675683,76,144,1
1675683,77,106,0
1675683,77,133,1
1675684,66,117,1
1675684,67,151,1
1675684,68,172,1
1675684,70,137,1
1675684,70,187,0
1675685,71,113,1
1675685,73,141,1
1675685,65,191,1
1675686,64,179,1
1675686,61,125,1
1675686,60,157,1
1675686,59,130,1
1675687,40,107,0
1675687,40,121,0
1675687,35,126,0
1675687,37,118,0
1675687,30,127,0
1675687,30,154,0
1675687,30,165,0
1675687,30,168,0
1675688,27,122,0
1675688,27,143,0
1675688,49,105,0
1675688,49,152,1
1675689,43,142,1
1675689,53,106,0
1675689,52,136,1
1675689,51,108,0
1675689,51,140,1
1675690,56,145,1
1675690,54,165,1
1675690,2,111,0
1675691,20,148,0
1675691,21,140,0
1675691,237,112,1
1675692,328,17,0
1675692,322,7,0
1675692,320,12,0
1675693,343,12,0
1675693,342,8,0
1675693,339,0,1
1675694,159,69,1
1675694,161,118,1
1675694,160,99,1
1675694,156,148,1
1675695,155,98,1
1675695,168,130,1
1675695,167,171,1
1675695,163,74,1
1675696,170,205,1
1675696,183,72,1
1675696,143,86,1
1675696,142,116,1
1675696,144,90,1
1675697,145,123,1
1675697,139,164,1
1675697,138,123,1
1675697,141,186,1
1675698,140,114,1
1675698,146,128,1
1675698,147,103,1
1675698,149,104,1
1675699,148,150,1
1675699,151,184,1
1675699,150,129,1
1675699,152,205,1
1675700,153,134,1
1675700,134,194,1
1675700,135,173,1
1675700,136,174,1
1675701,137,80,0
1675701,137,122,1
1675701,130,130,1
1675701,130,142,1
1675701,131,133,1
1675701,131,148,1
1675702,132,205,1
1675702,133,128,1
1675702,127,69,0
1675702,127,198,1
1675702,126,160,1
1675703,129,62,0
1675703,129,120,1
1675703,128,107,0
1675703,128,195,1
1675703,125,79,0
1675704,124,194,1
1675704,123,109,0
1675704,123,204,1
1675704,122,173,1
1675704,120,160,1
1675705,121,191,1
1675705,119,96,0
1675705,119,158,1
1675705,119,159,1
1675705,118,200,1
1675706,116,197,1
1675706,117,198,1
1675706,114,95,0
1675706,114,194,1
1675707,115,198,1
1675707,108,134,0
1675707,108,195,1
1675707,107,59,0
1675707,111,195,1
1675708,110,109,0
1675708,110,192,1
1675708,113,197,1
1675708,105,54,0
1675708,105,56,0
1675709,99,140,0
1675709,90,158,0
1675709,92,184,0
1675709,93,117,1
1675710,94,120,1
1675710,76,100,0
1675710,77,140,1
1675710,74,133,1
1675710,78,187,0
1675711,87,124,1
1675711,85,127,1
1675711,83,115,1
1675711,69,135,1
1675712,68,131,1
1675712,66,172,1
1675712,67,116,1
1675712,72,129,1
1675713,70,131,1
1675713,71,125,1
1675713,61,158,1
1675713,61,187,0
1675713,60,134,1
1675714,59,144,1
1675714,62,105,0
1675714,62,128,1
1675714,65,121,1
1675715,50,156,1
1675715,51,166,1
1675715,53,147,1
1675715,52,144,1
1675716,55,100,0
1675716,55,154,1
1675716,54,132,1
1675716,56,107,0
1675716,56,144,1
1675716,57,130,1
1675717,49,165,1
1675717,49,182,0
1675717,46,165,1
1675717,47,155,1
1675718,45,165,1
1675718,39,119,0
1675718,40,110,0
1675718,40,179,0
1675718,32,127,0
1675718,32,142,0
1675719,334,1,1
1675719,335,14,0
1675719,336,8,0
1675719,345,3,1
1675720,344,8,0
1675720,340,23,0
1675720,326,15,0
1675721,327,19,0
1675721,324,17,0
1675721,316,0,0
1675721,308,114,1
1675722,244,162,1
1675722,280,171,1
1675722,209,167,1
1675723,202,204,1
1675723,216,68,1
1675723,199,166,1
1675723,173,75,1
1675724,174,130,1
1675724,178,70,1
1675724,181,75,1
1675724,169,107,1
1675724,168,161,1
1675725,155,68,1
1675725,154,103,1
1675725,156,118,1
1675725,159,131,1
1675726,158,176,1
1675726,160,210,1
1675726,161,120,1
1675726,145,88,1
1675727,144,87,1
1675727,142,113,1
1675727,143,105,1
1675727,139,102,1
1675728,138,116,1
1675728,141,99,1
1675728,140,103,1
1675728,149,92,1
1675729,148,104,1
1675729,146,99,1
1675729,147,84,1
1675729,147,125,1
1675729,150,112,1
1675730,151,90,1
1675730,152,104,1
1675730,134,84,0
1675730,134,137,1
1675731,135,143,1
1675731,136,124,1
1675731,137,126,1
1675731,137,205,1
1675731,130,71,0
1675731,130,206,1
1675732,131,127,1
1675732,132,78,0
1675732,132,143,1
1675732,133,127,1
1675733,126,84,0
1675733,127,196,1
1675733,129,119,1
1675733,129,154,1
1675733,128,203,1
1675734,123,155,1
1675734,122,203,1
1675734,125,76,0
1675734,125,146,1
1675735,124,132,1
1675735,119,101,0
1675735,119,204,1
1675735,118,198,1
1675735,121,157,1
1675736,116,90,0
1675736,116,91,0
1675736,116,102,0
1675736,116,175,1
1675736,117,105,0
1675736,117,166,1
1675736,117,191,1
1675737,115,98,0
1675737,115,200,1
1675737,111,133,0
1675737,111,135,0
1675737,110,102,0
1675737,110,191,1
1675738,108,129,0
1675738,103,134,0
1675738,101,166,0
1675738,91,156,0
1675739,90,124,1
1675739,92,119,1
1675739,92,150,0
1675739,97,139,0
1675740,69,100,0
1675740,66,177,1
1675740,72,121,1
1675740,73,133,1
1675741,70,114,1
1675741,61,109,0
1675741,61,117,1
1675741,60,141,1
1675741,58,127,1
1675742,59,140,1
1675742,62,125,1
1675742,62,177,1
1675742,65,169,1
1675742,64,103,0
1675743,89,162,0
1675743,86,127,1
1675743,86,169,0
1675743,83,181,0
1675743,85,182,0
1675744,81,153,1
1675744,80,195,1
1675744,79,133,1
1675744,78,125,1
1675745,77,128,1
1675745,76,123,1
1675745,53,101,0
1675745,53,164,1
1675746,51,103,0
1675746,51,135,1
1675746,50,147,1
1675746,54,104,0
1675746,54,138,1
1675746,56,128,1
1675747,49,137,1
1675747,46,140,1
1675747,47,160,1
1675747,27,161,0
1675748,26,153,0
1675748,26,159,0
1675748,33,115,0
1675748,21,133,0
1675749,25,167,0
1675749,335,15,0
1675749,336,114,1
1675749,329,17,0
1675750,253,192,1
1675751,225,87,1
1675751,226,205,1
1675751,244,146,1
1675751,194,192,1
1675752,193,200,1
1675752,192,212,1
1675752,211,95,1
1675752,171,80,1
1675753,174,94,1
1675753,182,80,1
1675753,179,204,1
1675753,178,79,1
1675754,166,116,1
1675754,165,210,1
1675754,163,118,1
1675755,155,69,1
1675755,154,122,1
1675755,157,77,1
1675755,156,91,1
1675755,159,118,1
1675756,158,71,1
1675756,161,150,1
1675756,160,96,1
1675756,153,185,1
1675757,152,73,0
1675757,151,120,1
1675757,149,91,1
1675757,149,115,1
1675758,148,127,1
1675758,147,111,1
1675758,146,150,1
1675758,145,208,1
1675759,144,137,1
1675759,142,133,1
1675759,143,128,1
1675759,138,107,1
1675760,139,129,1
1675760,140,212,1
1675760,141,125,1
1675760,141,187,1
1675761,134,75,0
1675761,134,134,1
1675761,135,202,1
1675761,137,129,1
1675761,137,148,1
1675761,136,205,1
1675762,132,123,1
1675762,133,159,1
1675762,130,86,0
1675762,130,204,1
1675763,131,73,0
1675763,131,205,1
1675763,127,80,0
1675763,127,130,1
1675763,127,199,1
1675763,126,143,1
1675764,129,149,1
1675764,129,160,1
1675764,128,77,0
1675764,128,116,1
1675764,128,148,1
1675764,123,149,1
1675764,123,159,1
1675764,123,165,1
1675764,123,201,1
1675765,122,185,1
1675765,125,95,0
1675765,125,165,1
1675766,124,195,1
1675766,110,124,0
1675766,110,154,0
1675766,111,179,1
1675766,113,189,1
1675767,108,60,0
1675767,119,174,1
1675767,121,205,1
1675767,120,195,1
1675768,116,57,0
1675768,116,168,1
1675768,117,95,0
1675768,117,154,1
1675768,114,179,1
1675769,101,129,0
1675769,98,144,0
1675769,103,132,0
1675769,92,116,1
1675770,86,175,0
1675770,86,178,0
1675770,87,156,0
1675770,87,175,0
1675771,88,178,0
1675771,89,164,0
1675771,89,169,0
1675771,82,119,1
1675771,85,198,1
1675772,78,100,0
1675772,79,139,1
1675772,77,121,1
1675772,76,119,1
1675773,75,132,1
1675773,74,127,1
1675773,68,144,1
1675773,69,124,1
1675774,66,142,1
1675774,70,141,1
1675774,72,167,1
1675774,63,155,1
1675774,62,162,1
1675775,61,121,1
1675775,61,134,1
1675775,60,144,1
1675775,58,130,1
1675776,55,159,1
1675776,56,141,1
1675776,57,146,1
1675777,53,148,1
1675777,50,157,1
1675777,51,143,1
1675777,48,109,0
1675777,48,157,1
1675778,49,133,1
1675778,44,150,1
1675778,36,125,0
1675779,35,124,0
1675779,34,116,0
1675779,32,135,0
1675779,26,141,0
1675780,29,148,0
1675780,23,128,0
1675780,23,138,0
1675780,23,199,1
1675781,19,145,0
1675781,17,142,0
1675782,338,0,1
1675782,336,17,0
1675782,322,12,0
1675783,312,0,0
1675783,219,181,1
1675783,225,94,1
1675784,226,197,1
1675784,176,206,1
1675785,171,78,1
1675785,170,112,1
1675785,185,142,1
1675785,179,78,1
1675786,167,92,1
1675786,166,115,1
1675786,164,78,1
1675786,155,130,1
1675786,154,90,1
1675787,156,69,1
1675787,157,86,1
1675787,160,112,1
1675787,161,103,1
1675788,158,202,1
1675788,191,216,1
1675788,152,98,1
1675789,150,88,1
1675789,151,89,1
1675789,147,138,1
1675789,146,154,1
1675790,149,89,1
1675790,148,142,1
1675790,145,83,1
1675790,144,163,1
1675791,142,91,1
1675791,142,214,1
1675791,143,102,1
1675791,139,114,1
1675791,139,120,1
1675792,138,105,1
1675792,141,101,1
1675792,140,127,1
1675792,140,203,1
1675792,134,127,1
1675793,135,203,1
1675793,137,104,1
1675793,136,203,1
1675793,133,133,1
1675794,132,122,1
1675794,132,169,1
1675794,132,170,1
1675794,130,96,0
1675794,130,145,1
1675794,131,137,1
1675794,131,146,1
1675795,127,132,1
1675795,126,138,1
1675795,129,129,1
1675795,128,140,1
1675796,122,74,0
1675796,122,91,0
1675796,123,158,1
1675796,123,175,1
1675796,125,155,1
1675797,124,156,1
1675797,93,104,0
1675797,93,163,0
1675797,93,169,0
1675797,92,123,1
1675798,90,151,0
1675798,97,143,0
1675798,97,163,0
1675798,94,123,1
1675798,105,58,0
1675799,100,155,0
1675799,119,69,0
1675799,119,197,1
1675799,119,198,1
1675799,118,176,1
1675800,121,92,0
1675800,116,158,1
1675800,116,185,1
1675800,117,110,0
1675800,117,204,1
1675801,115,195,1
1675801,111,130,0
1675801,110,139,0
1675801,110,142,0
1675801,110,175,1
1675801,110,203,1
1675802,113,169,1
1675802,107,177,1
1675802,81,111,1
1675802,80,117,1
1675803,78,119,1
1675803,77,152,1
1675803,76,124,1
1675803,75,123,1
1675804,74,125,1
1675804,89,167,0
1675804,82,129,1
1675804,84,118,1
1675805,64,115,1
1675805,63,144,1
1675805,62,126,1
1675805,61,171,1
1675806,60,133,1
1675806,58,128,1
1675806,66,132,1
1675806,66,156,1
1675806,67,124,1
1675807,68,162,1
1675807,71,115,1
1675807,53,126,1
1675807,53,171,1
1675808,52,158,1
1675808,50,169,1
1675808,51,160,1
1675808,49,135,1
1675808,46,111,0
1675809,45,114,0
1675809,27,123,0
1675809,27,125,0
1675809,33,123,0
1675810,31,166,0
1675810,39,107,0
1675810,327,17,0
1675810,345,16,0
1675811,243,159,1
1675811,168,205,1
1675812,167,148,1
1675812,166,80,1
1675812,164,98,1
1675812,162,101,1
1675813,155,150,1
1675813,154,68,1
1675813,156,143,1
1675813,157,71,1
1675814,160,178,1
1675814,171,95,1
1675814,173,92,1
1675814,177,125,1
1675815,176,73,1
1675815,174,106,1
1675815,179,76,1
1675816,194,112,1
1675816,192,75,1
1675816,190,116,1
1675817,145,168,1
1675817,145,204,1
1675817,144,131,1
1675817,142,187,1
1675817,143,95,1
1675818,141,134,1
1675818,141,196,1
1675818,140,159,1
1675818,138,198,1
1675818,139,139,1
1675819,147,191,1
1675819,146,116,1
1675819,146,155,1
1675819,149,116,1
1675820,148,85,1
1675820,150,67,1
1675820,151,134,1
1675820,152,101,1
1675820,134,135,1
1675821,135,141,1
1675821,135,174,1
1675821,136,122,1
1675821,136,196,1
1675821,137,111,1
1675822,133,186,1
1675822,133,207,1
1675822,132,111,1
1675822,131,202,1
1675822,130,74,0
1675822,130,187,1
1675823,126,93,0
1675823,126,171,1
1675823,127,147,1
1675823,128,80,0
1675823,128,136,1
1675824,129,173,1
1675824,123,189,1
1675824,123,195,1
1675824,122,106,0
1675824,122,157,1
1675824,122,206,1
1675825,125,74,0
1675825,125,84,0
1675825,125,190,1
1675825,125,199,1
1675825,124,196,1
1675826,103,57,0
1675826,103,117,0
1675826,103,130,0
1675826,102,61,0
1675826,97,146,0
1675826,97,159,0
1675827,90,133,1
1675827,93,162,0
1675827,119,183,1
1675827,121,178,1
1675828,120,110,0
1675828,120,152,1
1675828,116,186,1
1675828,117,86,0
1675828,117,167,1
1675829,114,98,0
1675829,115,188,1
1675829,112,105,0
1675829,110,180,1
1675830,106,191,1
1675830,109,62,0
1675830,56,159,1
1675830,50,153,1
1675831,48,142,1
1675831,49,166,1
1675831,46,177,0
1675831,44,161,1
1675832,33,116,0
1675832,31,174,0
1675832,40,126,0
1675832,68,106,0
1675833,69,179,1
1675833,67,97,0
1675833,67,119,1
1675833,66,125,1
1675833,72,102,0
1675834,73,120,1
1675834,70,147,1
1675834,61,152,1
1675834,58,120,1
1675835,62,130,1
1675835,64,128,1
1675835,79,106,0
1675835,79,119,1
1675835,75,113,1
1675836,77,154,1
1675836,82,125,1
1675836,323,5,0
1675836,323,6,0
1675836,322,6,0
1675837,198,169,1
1675837,191,126,1
1675837,155,173,1
1675838,154,133,1
1675838,156,193,1
1675838,157,134,1
1675838,159,129,1
1675839,165,105,1
1675839,164,73,1
1675839,163,133,1
1675839,166,120,1
1675840,167,186,1
1675840,174,77,1
1675840,178,103,1
1675840,145,137,1
1675841,144,91,1
1675841,143,110,1
1675841,142,144,1
1675841,141,110,1
1675842,140,154,1
1675842,138,129,1
1675842,138,203,1
1675842,139,140,1
1675842,149,140,1
1675843,148,140,1
1675843,147,112,1
1675843,147,116,1
1675843,146,183,1
1675843,150,82,1
1675844,151,129,1
1675844,152,122,1
1675844,132,77,0
1675844,133,203,1
1675845,130,139,1
1675845,131,152,1
1675845,134,133,1
1675845,135,101,1
1675846,136,126,1
1675846,136,143,1
1675846,137,112,1
1675846,126,205,1
1675846,127,150,1
1675847,129,123,1
1675847,128,124,1
1675847,128,132,1
1675847,123,145,1
1675848,122,194,1
1675848,125,177,1
1675848,124,138,1
1675848,94,121,1
1675848,94,162,0
1675848,94,183,0
1675849,91,165,0
1675849,119,79,0
1675849,119,160,1
1675849,121,74,0
1675849,121,109,0
1675850,116,190,1
1675850,117,159,1
1675850,110,67,0
1675850,110,105,0
1675851,109,57,0
1675851,109,106,0
1675851,108,190,1
1675851,44,178,0
1675851,45,180,0
1675852,43,148,1
1675852,48,163,1
1675852,46,163,1
1675852,57,150,1
1675853,56,138,1
1675853,55,131,1
1675853,51,165,1
1675853,50,138,1
1675854,52,124,1
1675854,53,141,1
1675854,31,136,0
1675854,31,155,0
1675854,33,134,0
1675854,33,167,0
1675854,33,172,0
1675855,27,172,0
1675855,40,114,0
1675855,40,176,0
1675856,84,121,1
1675856,84,170,0
1675856,80,155,1
1675856,78,168,1
1675856,79,120,1
1675857,77,130,1
1675857,62,176,1
1675857,64,142,1
1675857,61,123,1
1675858,58,125,1
1675858,72,197,1
1675858,73,113,1
1675858,71,100,0
1675858,71,179,1
1675859,69,121,1
1675859,67,161,1
1675859,23,136,0
1675859,19,155,0
1675860,314,3,0
1675860,325,7,0
1675860,331,9,0
1675861,218,137,1
1675861,193,74,1
1675861,192,188,1
1675862,188,159,1
1675862,160,155,1
1675862,161,73,1
1675862,155,96,1
1675862,155,176,1
1675862,155,180,1
1675863,154,145,1
1675863,156,155,1
1675863,169,162,1
1675863,165,76,1
1675864,164,79,1
1675864,172,93,1
1675864,171,186,1
1675864,170,74,1
1675865,174,76,1
1675865,181,76,1
1675865,145,94,1
1675865,145,109,1
1675865,144,108,1
1675866,142,114,1
1675866,141,201,1
1675866,140,93,1
1675866,139,106,1
1675867,138,187,1
1675867,147,171,1
1675867,146,86,1
1675867,149,88,1
1675868,148,94,1
1675868,150,105,1
1675868,150,114,1
1675868,151,87,1
1675868,132,198,1
1675869,133,154,1
1675869,130,158,1
1675869,131,192,1
1675869,135,117,1
1675869,135,187,1
1675870,134,184,1
1675870,137,128,1
1675870,137,170,1
1675870,136,197,1
1675871,126,189,1
1675871,127,105,0
1675871,127,126,1
1675871,129,127,1
1675871,128,161,1
1675872,123,85,0
1675872,123,183,1
1675872,122,180,1
1675872,125,123,1
1675873,124,130,1
1675873,114,59,0
1675873,114,132,0
1675873,114,167,1
1675873,116,93,0
1675873,121,113,0
1675874,119,146,1
1675874,118,178,1
1675874,110,103,0
1675874,110,179,1
1675875,113,196,1
1675875,90,114,1
1675875,94,156,0
1675875,101,56,0
1675876,100,141,0
1675876,102,141,0
1675876,86,128,1
1675876,87,116,1
1675876,88,171,0
1675877,75,100,0
1675877,75,115,1
1675877,74,129,1
1675877,80,113,1
1675878,79,160,1
1675878,62,173,1
1675878,64,126,1
1675878,65,166,1
1675879,58,150,1
1675879,59,160,1
1675879,60,140,1
1675879,61,167,1
1675879,67,140,1
1675880,68,163,1
1675880,72,147,1
1675880,73,168,1
1675880,70,129,1
1675881,41,106,0
1675881,40,106,0
1675881,40,113,0
1675881,44,164,1
1675882,45,149,1
1675882,43,118,0
1675882,48,150,1
1675882,46,162,1
1675882,50,103,0
1675882,50,165,1
1675883,51,146,1
1675883,52,134,1
1675883,53,143,1
1675884,56,160,1
1675884,55,174,1
1675884,343,0,1
1675884,343,8,0
1675885,232,143,1
1675885,222,184,1
1675886,250,92,1
1675886,197,85,1
1675886,194,205,1
1675886,199,132,1
1675887,190,203,1
1675887,214,186,1
1675887,167,71,1
1675887,164,81,1
1675888,165,94,1
1675888,163,159,1
1675888,155,147,1
1675888,154,205,1
1675888,156,125,1
1675889,159,148,1
1675889,158,89,1
1675889,160,82,1
1675889,161,71,1
1675890,175,75,1
1675890,174,78,1
1675890,170,130,1
1675890,172,71,1
1675891,185,224,1
1675891,184,79,1
1675891,145,95,1
1675891,144,201,1
1675892,142,159,1
1675892,139,89,1
1675892,138,121,1
1675892,141,209,1
1675893,140,122,1
1675893,140,202,1
1675893,149,211,1
1675893,148,112,1
1675893,147,162,1
1675894,146,121,1
1675894,150,202,1
1675894,151,159,1
1675894,153,162,1
1675895,152,114,1
1675895,126,133,1
1675895,127,138,1
1675895,128,75,0
1675895,128,155,1
1675895,128,160,1
1675896,129,143,1
1675896,129,151,1
1675896,123,95,0
1675896,123,177,1
1675897,122,148,1
1675897,125,172,1
1675897,124,163,1
1675897,134,159,1
1675897,135,115,1
1675898,137,150,1
1675898,137,160,1
1675898,137,194,1
1675898,136,177,1
1675898,130,121,1
1675899,133,150,1
1675899,132,197,1
1675899,90,146,0
1675899,91,152,0
1675900,92,106,0
1675900,94,177,0
1675900,101,146,0
1675900,101,156,0
1675900,99,119,1
1675901,98,139,0
1675901,116,101,0
1675901,116,191,1
1675901,114,201,1
1675902,115,196,1
1675902,121,103,0
1675902,121,184,1
1675902,120,171,1
1675902,119,191,1
1675903,107,120,0
1675903,111,190,1
1675903,113,175,1
1675903,85,186,0
1675904,83,119,1
1675904,77,120,1
1675904,76,111,1
1675904,76,116,1
1675904,75,118,1
1675905,63,163,1
1675905,62,140,1
1675905,64,120,1
1675905,65,150,1
1675906,58,104,0
1675906,59,138,1
1675906,60,168,1
1675906,61,115,1
1675907,67,123,1
1675907,68,119,1
1675907,70,123,1
1675907,72,47,1
1675908,33,112,0
1675908,33,121,0
1675908,29,122,0
1675908,28,120,0
1675908,40,115,0
1675909,41,116,0
1675909,50,163,1
1675909,50,183,0
1675909,51,139,1
1675910,52,166,1
1675910,56,135,1
1675910,55,142,1
1675910,44,108,0
1675911,48,134,1
1675911,24,127,0
1675911,25,126,0
1675911,25,154,0
1675912,20,141,0
1675912,20,144,0
1675912,2,9,1
1675912,295,23,1
1675913,284,66,1
1675913,339,1,1
1675914,257,80,1
1675915,169,101,1
1675915,168,98,1
1675915,167,151,1
1675916,165,120,1
1675916,164,141,1
1675916,155,191,1
1675916,155,200,1
1675916,154,127,1
1675917,157,131,1
1675917,156,122,1
1675917,158,169,1
1675917,159,71,1
1675918,161,74,1
1675918,160,81,1
1675918,174,74,1
1675918,175,158,1
1675919,173,113,1
1675919,170,73,1
1675919,180,200,1
1675919,178,193,1
1675920,209,238,1
1675920,207,127,1
1675920,189,170,1
1675920,139,96,1
1675921,138,171,1
1675921,141,87,1
1675921,140,158,1
1675921,145,103,1
1675921,145,111,1
1675922,144,106,1
1675922,143,120,1
1675922,142,128,1
1675923,149,97,1
1675923,149,119,1
1675923,148,99,1
1675923,147,110,1
1675923,146,127,1
1675924,150,209,1
1675924,151,94,1
1675924,153,94,1
1675924,152,91,1
1675925,131,153,1
1675925,130,208,1
1675925,133,183,1
1675925,132,182,1
1675926,135,145,1
1675926,134,205,1
1675926,137,141,1
1675926,136,111,1
1675926,126,123,1
1675927,127,167,1
1675927,127,190,1
1675927,129,118,1
1675927,128,157,1
1675927,128,169,1
1675928,123,141,1
1675928,122,160,1
1675928,125,205,1
1675928,124,205,1
1675929,117,103,0
1675929,116,66,0
1675929,116,195,1
1675929,115,199,1
1675929,114,131,0
1675929,114,188,1
1675930,118,193,1
1675930,119,162,1
1675930,121,147,1
1675931,120,165,1
1675931,109,59,0
1675931,109,190,1
1675931,100,150,0
1675931,100,151,0
1675932,101,59,0
1675932,99,130,0
1675932,31,130,0
1675932,31,140,0
1675932,33,170,0
1675933,29,142,0
1675933,38,4,1
1675933,34,161,0
1675933,36,109,0
1675934,50,167,1
1675934,51,164,1
1675934,52,129,1
1675934,52,145,1
1675934,53,138,1
1675935,55,161,1
1675935,44,152,1
1675935,45,140,1
1675935,47,159,1
1675936,79,95,1
1675936,77,115,1
1675936,74,138,1
1675936,82,105,0
1675936,82,132,1
1675937,64,105,0
1675937,65,138,1
1675937,63,117,1
1675937,58,166,1
1675938,60,136,1
1675938,61,118,1
1675938,72,101,0
1675938,72,179,1
1675939,68,138,1
1675939,67,122,1
1675939,66,146,1
1675939,21,145,0
1675940,19,144,0
1675940,10,36,1
1675940,220,99,1
1675941,334,159,1
1675941,339,19,0
1675941,341,0,1
1675942,343,117,1
1675942,323,0,0
1675942,319,13,0
1675943,308,120,1
1675943,177,75,1
1675943,176,88,1
1675943,175,146,1
1675944,174,73,1
1675944,170,186,1
1675944,173,72,1
1675944,168,80,1
1675945,166,104,1
1675945,165,155,1
1675945,158,113,1
1675945,155,104,1
1675946,154,83,1
1675946,156,99,1
1675946,157,99,1
1675946,189,218,0
1675947,188,107,1
1675947,139,156,1
1675947,138,115,1
1675947,141,114,1
1675947,141,117,1
1675948,142,83,1
1675948,143,181,1
1675948,144,125,1
1675948,144,156,1
1675949,145,127,1
1675949,145,210,1
1675949,149,201,1
1675949,148,122,1
1675949,147,88,1
1675949,147,100,1
1675949,147,124,1
1675950,146,122,1
1675950,150,98,1
1675950,150,181,1
1675950,151,110,1
1675951,152,83,1
1675951,153,111,1
1675951,130,196,1
1675951,131,117,1
1675952,132,120,1
1675952,133,148,1
1675952,135,196,1
1675952,135,209,1
1675952,134,203,1
1675952,134,204,1
1675953,136,137,1
1675953,126,172,1
1675953,127,163,1
1675953,127,169,1
1675954,128,133,1
1675954,128,191,1
1675954,129,198,1
1675954,123,164,1
1675954,122,98,0
1675954,122,146,1
1675954,122,177,1
1675955,125,143,1
1675955,124,146,1
1675955,121,179,1
1675956,119,184,1
1675956,118,197,1
1675956,115,184,1
1675956,116,89,0
1675956,116,199,1
1675957,117,152,1
1675957,108,191,1
1675957,112,174,1
1675957,111,194,1
1675958,110,193,1
1675958,94,165,0
1675958,95,161,0
1675958,92,146,0
1675959,90,123,1
1675959,98,145,0
1675959,99,137,0
1675959,99,159,0
1675960,100,58,0
1675960,104,56,0
1675960,103,138,0
1675960,41,121,0
1675960,41,158,1
1675961,36,110,0
1675961,31,114,0
1675961,31,172,0
1675961,28,139,0
1675961,27,146,0
1675962,43,113,0
1675962,49,149,1
1675962,47,162,1
1675962,50,164,1
1675963,53,139,1
1675963,55,133,1
1675963,57,152,1
1675963,64,178,1
1675964,65,158,1
1675964,63,121,1
1675964,60,171,1
1675964,61,126,1
1675965,58,134,1
1675965,72,114,1
1675965,66,119,1
1675965,67,128,1
1675966,89,119,1
1675966,84,185,0
1675966,79,121,1
1675966,74,153,1
1675967,76,99,0
1675967,76,165,1
1675967,5,94,1
1675967,24,135,0
1675968,251,243,1
1675968,239,89,1
1675968,231,81,1
1675969,230,103,1
1675969,344,11,0
1675969,340,0,1
1675969,333,13,0
1675969,335,1,1
1675970,171,113,1
1675970,170,79,1
1675970,173,74,1
1675970,174,151,1
1675971,175,87,1
1675971,185,81,1
1675971,182,75,1
1675971,160,76,1
1675972,159,218,1
1675972,158,128,1
1675972,157,205,1
1675972,156,142,1
1675973,155,70,1
1675973,154,111,1
1675973,169,145,1
1675973,168,186,1
1675974,166,162,1
1675974,164,70,1
1675974,165,99,1
1675974,202,70,1
1675975,205,120,1
1675975,206,167,1
1675975,199,71,1
1675975,201,175,1
1675976,194,207,1
1675976,191,91,1
1675976,140,205,1
1675976,141,191,1
1675976,141,197,1
1675977,139,105,1
1675977,138,154,1
1675977,142,208,1
1675978,143,111,1
1675978,145,79,1
1675978,144,114,1
1675978,149,157,1
1675978,148,171,1
1675979,147,127,1
1675979,146,79,1
1675979,150,121,1
1675979,150,140,1
1675980,151,92,1
1675980,151,93,1
1675980,152,94,1
1675980,153,213,1
1675980,130,87,0
1675981,131,135,1
1675981,132,119,1
1675981,133,86,0
1675981,133,178,1
1675981,135,130,1
1675982,134,128,1
1675982,136,106,1
1675982,126,74,0
1675982,126,137,1
1675982,126,169,1
1675983,127,73,0
1675983,127,183,1
1675983,129,201,1
1675983,128,173,1
1675983,128,181,1
1675983,128,208,1
1675984,123,99,0
1675984,123,168,1
1675984,123,172,1
1675984,123,206,1
1675984,122,78,0
1675984,122,147,1
1675985,125,168,1
1675985,124,142,1
1675985,120,188,1
1675985,121,67,0
1675985,121,97,0
1675985,121,105,0
1675986,118,199,1
1675986,119,171,1
1675986,115,97,0
1675986,115,178,1
1675987,116,205,1
1675987,117,192,1
1675987,107,175,1
1675987,110,200,1
1675988,111,196,1
1675988,94,171,0
1675988,91,115,1
1675988,92,181,0
1675989,104,52,0
1675989,104,146,0
1675989,104,149,0
1675989,104,154,0
1675989,101,137,0
1675989,51,69,1
1675990,50,166,1
1675990,53,163,1
1675990,56,133,1
1675990,47,166,1
1675991,49,63,1
1675991,49,158,1
1675991,33,113,0
1675991,33,128,0
1675991,33,171,0
1675991,30,120,0
1675992,28,141,0
1675992,34,115,0
1675992,62,147,1
1675992,63,103,0
1675992,63,124,1
1675993,64,129,1
1675993,65,124,1
1675993,60,135,1
1675994,61,136,1
1675994,58,137,1
1675994,70,117,1
1675994,72,170,1
1675994,67,113,1
1675995,68,139,1
1675995,86,120,1
1675995,87,138,1
1675995,79,115,1
1675996,74,120,1
1675996,22,136,0
1675996,25,132,0
1675997,339,10,0
1675997,339,22,0
1675997,340,1,1
1675997,340,10,0
1675998,334,20,0
1675998,330,20,0
1675998,324,11,0
1675998,322,9,0
1675999,314,7,0
1675999,316,7,0
1675999,227,102,1
